SalePrice,OverallQual,GrLivArea,GarageCars,TotalBsmtSF,FullBath,YearBuilt,FireplaceQu,LotFrontage
208500,7,1710,2,856,2,2003,,65.0
181500,6,1262,2,1262,2,1976,TA,80.0
223500,7,1786,2,920,2,2001,TA,68.0
140000,7,1717,3,756,1,1915,Gd,60.0
250000,8,2198,3,1145,2,2000,TA,84.0
143000,5,1362,2,796,1,1993,,85.0
307000,8,1694,2,1686,2,2004,Gd,75.0
200000,7,2090,2,1107,2,1973,TA,
129900,7,1774,2,952,2,1931,TA,51.0
118000,5,1077,1,991,1,1939,TA,50.0
129500,5,1040,1,1040,1,1965,,70.0
345000,9,2324,3,1175,3,2005,Gd,85.0
144000,5,912,1,912,1,1962,,
279500,7,1494,3,1494,2,2006,Gd,91.0
157000,6,1253,1,1253,1,1960,Fa,
132000,7,854,2,832,1,1929,,51.0
149000,6,1004,2,1004,1,1970,TA,
90000,4,1296,2,0,2,1967,,72.0
159000,5,1114,2,1114,1,2004,,66.0
139000,5,1339,1,1029,1,1958,,70.0
325300,8,2376,3,1158,3,2005,Gd,101.0
139400,7,1108,1,637,1,1930,Gd,57.0
230000,8,1795,2,1777,2,2002,Gd,75.0
129900,5,1060,2,1040,1,1976,TA,44.0
154000,5,1060,1,1060,1,1968,TA,
256300,8,1600,3,1566,2,2007,Gd,110.0
134800,5,900,2,900,1,1951,,60.0
306000,8,1704,3,1704,2,2007,Gd,98.0
207500,5,1600,1,1484,1,1957,Gd,47.0
68500,4,520,1,520,1,1927,,60.0
40000,4,1317,1,649,1,1920,,50.0
149350,5,1228,1,1228,1,1966,,
179900,8,1234,2,1234,2,2007,,85.0
165500,5,1700,2,1398,1,1959,Gd,70.0
277500,9,1561,2,1561,2,2005,Gd,60.0
309000,8,2452,3,1117,3,2004,Gd,108.0
145000,5,1097,2,1097,1,1994,,112.0
153000,5,1297,2,1297,1,1954,TA,74.0
109000,5,1057,1,1057,1,1953,,68.0
82000,4,1152,0,0,2,1955,,65.0
160000,6,1324,2,1088,2,1965,TA,84.0
170000,5,1328,1,1350,1,1959,Gd,115.0
144000,5,884,2,840,1,1983,,
130250,5,938,1,938,1,1975,,
141000,5,1150,1,1150,1,1959,,70.0
319900,9,1752,2,1752,2,2005,Gd,61.0
239686,7,2149,2,1434,1,2003,Ex,48.0
249700,8,1656,3,1656,2,2006,,84.0
113000,4,1452,0,736,2,1920,,33.0
127000,5,955,1,955,1,1966,,66.0
177000,6,1470,2,794,2,1997,,
114500,6,1176,2,816,1,1934,Gd,52.0
110000,5,816,2,816,1,1963,,110.0
385000,9,1842,3,1842,0,1981,Gd,68.0
130000,5,1360,2,384,1,1955,TA,60.0
180500,6,1425,2,1425,2,1964,Gd,100.0
172500,8,1739,2,970,2,1999,,24.0
196500,7,1720,2,860,2,2004,,89.0
438780,10,2945,3,1410,3,2006,Gd,66.0
124900,5,780,1,780,1,1972,,60.0
158000,6,1158,2,1158,1,2004,,63.0
101000,5,1111,1,530,1,1920,,60.0
202500,8,1370,2,1370,2,2006,Gd,44.0
140000,7,1710,2,576,2,1921,,50.0
219500,7,2034,2,1057,2,1997,,
317000,8,2473,3,1143,2,2004,Gd,76.0
180000,7,2207,2,1947,2,1970,Gd,
226000,7,1479,2,1453,2,2003,,72.0
80000,4,747,1,747,1,1945,,47.0
225000,7,2287,2,1304,2,1953,TA,81.0
244000,7,2223,2,2223,2,1973,Gd,95.0
129500,4,845,2,845,1,1982,,69.0
185000,7,1718,2,832,2,1998,TA,74.0
144900,5,1086,2,1086,1,1954,,85.0
107400,3,1605,1,840,2,1915,,60.0
91000,4,988,1,462,1,1973,,21.0
135750,4,952,1,952,1,1956,,
127000,5,1285,1,672,1,1948,,50.0
136500,4,1768,0,1768,2,1968,,72.0
110000,5,1230,2,440,1,1910,,60.0
193500,6,2142,1,896,2,1968,Gd,100.0
153500,6,1337,2,1237,2,1998,,32.0
245000,8,1563,3,1563,2,2007,Gd,78.0
126500,5,1065,2,1065,1,1960,,80.0
168500,7,1474,2,384,2,1995,TA,
260000,8,2417,2,1288,2,1991,TA,121.0
174000,6,1560,2,684,2,2005,Gd,122.0
164500,6,1224,2,612,2,2009,,40.0
85000,3,1526,0,1013,1,1915,,105.0
123600,4,990,0,990,1,1994,,60.0
109900,4,1040,2,0,1,1950,,60.0
98600,5,1235,2,1235,1,1961,,85.0
163500,5,964,2,876,1,1921,,80.0
133900,6,2291,2,1214,2,1910,Gd,60.0
204750,6,1786,2,824,2,1997,,69.0
185000,6,1470,2,680,2,1993,TA,
214000,7,1588,2,1588,2,1999,,78.0
94750,4,960,1,960,1,1965,,73.0
83000,5,835,1,458,1,1920,,85.0
128950,4,1225,0,950,1,1959,,77.0
205000,6,1610,2,1610,2,1977,TA,
178000,6,1732,2,741,2,1985,TA,77.0
118964,5,1535,2,0,2,1979,,64.0
198900,7,1226,3,1226,2,2009,,94.0
169500,7,1818,1,1040,1,1931,TA,
250000,8,1992,2,1053,2,2003,Gd,75.0
100000,4,1047,1,641,1,1885,,60.0
115000,5,789,1,789,1,1948,,50.0
115000,5,1517,0,793,2,1919,,85.0
190000,6,1844,2,1844,2,1977,TA,105.0
136900,6,1855,1,994,2,1954,,75.0
180000,7,1430,2,384,2,2000,TA,
383970,7,2696,3,1264,2,2007,Gd,77.0
217000,6,2259,2,1809,2,1953,Gd,
259500,6,2320,1,1028,2,1945,TA,61.0
176000,6,1458,2,729,2,1999,Fa,34.0
139000,5,1092,1,1092,1,1962,Po,
155000,5,1125,2,1125,1,2006,,74.0
320000,7,3222,3,1673,3,1990,TA,90.0
163990,6,1456,2,728,2,2005,Gd,65.0
180000,6,988,2,938,1,1969,TA,
100000,4,1123,1,732,1,1939,,50.0
136000,6,1080,1,1080,1,1958,,75.0
153900,6,1199,2,1199,2,1993,,55.0
181000,6,1586,2,1362,2,1979,TA,48.0
84500,6,754,0,520,1,1935,,60.0
128000,6,958,2,1078,2,1976,TA,
87000,5,840,0,672,1,1930,TA,55.0
155000,6,1348,2,660,1,1966,Fa,69.0
150000,5,1053,2,1008,1,1958,,69.0
226000,7,2157,2,924,2,1966,Gd,88.0
244000,6,2054,2,992,2,2000,TA,
150750,5,1327,2,1063,1,1959,,75.0
220000,8,1296,2,1267,2,2001,,
180000,5,1721,2,1461,2,1968,TA,78.0
174000,7,1682,2,1304,2,1970,Gd,80.0
143000,5,1214,1,1214,2,1967,Fa,
171000,7,1959,3,1907,3,1988,,82.0
230000,8,1852,3,1004,2,1999,TA,73.0
231500,6,1764,2,928,2,1997,,65.0
115000,4,864,0,864,1,1971,Po,70.0
260000,7,1734,2,1734,2,2005,,78.0
166000,5,1385,2,910,2,1952,,71.0
204000,7,1501,2,1490,2,1999,,78.0
125000,5,1728,2,1728,2,1963,,70.0
130000,6,1709,2,970,2,2004,,24.0
105000,5,875,1,715,1,1931,,51.0
222500,7,2035,2,884,2,2001,Gd,
141000,7,1080,0,1080,1,2004,,63.0
115000,5,1344,1,896,1,1936,,
122000,5,969,2,969,1,1975,,120.0
372402,8,1710,3,1710,2,2007,Gd,107.0
190000,6,1993,2,825,2,1971,Gd,
235000,6,1252,2,1602,1,1960,Gd,
125000,6,1200,1,1200,1,1923,,84.0
79000,6,1096,0,572,1,1924,,60.0
109500,5,1040,2,0,1,1950,,60.0
269500,8,1968,3,774,2,2009,Gd,92.0
254900,7,1947,2,991,2,2004,Gd,100.0
320000,7,2462,2,1392,2,2005,Gd,134.0
162500,6,1232,2,1232,2,1984,,
412500,9,2668,3,1572,2,2003,Gd,110.0
220000,7,1541,2,1541,2,2005,Gd,95.0
103200,4,882,0,882,1,1956,,55.0
152000,6,1616,1,1149,2,1926,,40.0
127500,5,1355,0,644,2,1940,,62.0
190000,5,1867,1,1617,1,1955,Gd,
325624,8,2161,3,1582,1,2007,Gd,86.0
183500,7,1720,2,840,2,2004,Gd,62.0
228000,8,1707,2,1686,2,1981,TA,
128500,5,1382,2,720,1,1941,,
215000,6,1656,2,1080,1,1960,Gd,141.0
239000,7,1767,2,1064,2,1987,TA,44.0
163000,6,1362,2,1362,1,1961,TA,80.0
184000,6,1651,2,1606,2,1986,TA,47.0
243000,6,2158,2,1202,2,1950,Gd,84.0
211000,6,2060,2,1151,2,1988,TA,97.0
172500,5,1920,2,1052,2,1958,Gd,
501837,9,2234,3,2216,2,2008,Gd,63.0
100000,5,968,2,968,1,1923,,60.0
177000,6,1525,2,756,2,2000,TA,
200100,7,1802,1,793,1,1920,Gd,54.0
120000,5,1340,1,0,1,1957,Gd,60.0
200000,7,2082,2,1362,2,2003,,63.0
127000,5,1252,2,504,1,1908,,92.0
475000,10,3608,3,1107,2,1892,TA,90.0
173000,7,1217,2,1188,2,1990,,
135000,5,1656,1,660,2,1916,,60.0
153337,5,1224,2,1086,0,1979,TA,64.0
286000,8,1593,2,1593,1,2001,Gd,41.0
315000,8,2727,2,853,2,1932,TA,70.0
184000,7,1479,2,725,1,1972,,
192000,7,1431,2,1431,2,1999,,68.0
130000,7,1709,2,970,2,2004,,24.0
127000,5,864,1,864,1,1972,,60.0
148500,6,1456,2,855,2,1976,TA,24.0
311872,7,1726,3,1726,2,2007,Gd,79.0
235000,8,3112,2,1360,2,1918,Ex,174.0
104000,6,2229,0,755,1,1912,,92.0
274900,8,1713,3,1713,2,2004,Gd,76.0
140000,4,1121,2,1121,2,2003,,80.0
171500,6,1279,2,1196,2,1977,Fa,75.0
112000,6,1310,1,617,2,1924,,50.0
149000,6,848,2,848,1,2004,Gd,
110000,5,1284,1,720,1,1947,,50.0
180500,7,1442,2,1424,2,1990,,99.0
143900,5,1696,1,1140,1,1962,TA,40.0
141000,4,1100,1,1100,1,1960,Po,
277000,7,2062,2,1157,2,1988,Gd,
145000,6,1092,2,1092,1,1964,,75.0
98000,5,864,0,864,1,1925,,67.0
186000,6,1212,2,1212,2,2009,,83.0
252678,7,1852,2,900,2,2009,TA,72.0
156000,5,990,2,990,1,1995,,43.0
161750,6,1392,1,689,1,1977,,
134450,5,1236,1,1070,1,1957,Fa,72.0
210000,7,1436,2,1436,2,2004,,65.0
107000,4,1328,1,686,1,1925,,57.0
311500,7,1954,2,798,1,1939,TA,
167240,7,1248,2,1248,2,2005,,43.0
204900,7,1498,2,1498,2,2006,,73.0
200000,6,2267,2,1010,2,2002,TA,
179900,6,1552,2,713,2,1975,TA,85.0
97000,4,864,2,864,1,1971,,70.0
386250,10,2392,3,2392,2,2003,Ex,103.0
112000,5,1302,1,630,2,1971,,21.0
290000,7,2520,3,1203,2,1995,TA,82.0
106000,6,987,1,483,1,1970,,21.0
125000,5,912,1,912,1,1967,Fa,70.0
192500,7,1555,2,1373,2,2005,TA,43.0
148000,6,1194,1,1194,1,1959,,73.0
403000,8,2794,3,1462,2,1995,TA,174.0
94500,6,987,1,483,1,1972,Po,21.0
128200,5,894,1,894,1,1976,,75.0
216500,6,1960,2,860,2,2002,TA,
89500,6,987,1,483,1,1971,,21.0
185500,7,1414,2,1414,2,2004,,65.0
194500,7,1744,2,996,2,1993,,
318000,8,1694,3,1694,2,2007,,93.0
113000,6,1487,1,735,1,1945,Gd,52.0
262500,8,1566,2,1566,2,2008,,75.0
110500,5,866,0,686,1,1945,,40.0
79000,5,1440,1,540,1,1900,,63.0
120000,6,1217,1,626,1,1980,TA,75.0
205000,7,2110,2,948,2,1994,Fa,
241500,7,1872,2,1845,2,1988,TA,80.0
137000,6,1928,1,1020,2,1910,,69.0
140000,6,1375,2,1367,1,1954,TA,75.0
180000,7,1668,2,840,2,2003,,72.0
277000,6,2144,2,1444,2,1958,TA,
76500,3,1306,0,728,1,1940,,55.0
235000,8,1625,2,1573,2,2006,Gd,44.0
173000,6,1640,2,798,2,2004,,65.0
158000,6,1302,1,1302,2,1964,,85.0
145000,5,1314,1,1314,1,1957,,70.0
230000,7,2291,2,975,2,1999,TA,66.0
207500,6,1728,2,864,2,2003,,64.0
220000,7,1604,2,1604,2,2006,Gd,68.0
231500,7,1792,2,963,2,2001,TA,80.0
97000,5,882,1,0,1,1956,,70.0
176000,6,1382,2,1362,1,1962,TA,120.0
276000,8,2574,3,1482,2,2007,Gd,69.0
151000,6,1212,2,506,1,1977,TA,88.0
130000,5,1316,2,926,1,1929,,50.0
73000,5,764,2,680,1,1925,,30.0
175500,6,1422,2,1422,2,1981,TA,78.0
185000,6,1511,2,802,2,1997,TA,70.0
179500,5,2192,1,720,2,1939,Gd,60.0
120500,5,778,1,740,1,1940,Gd,71.0
148000,6,1113,1,1143,1,1976,Fa,
266000,8,1939,3,1095,2,2006,Gd,84.0
241500,7,1363,2,1385,1,1954,TA,73.0
290000,8,2270,3,1152,2,1999,Gd,92.0
139000,6,1632,1,1240,2,1958,Gd,80.0
124500,5,816,1,816,1,1982,,76.0
205000,7,1548,2,952,2,1925,,55.0
201000,7,1560,2,1560,2,2003,,129.0
141000,4,864,2,864,1,1951,,140.0
415298,9,2121,3,2121,2,2006,Ex,107.0
192000,7,2022,2,1160,2,1977,TA,83.0
228500,7,1982,2,807,2,1989,TA,82.0
185000,6,1262,2,1262,2,2006,,60.0
207500,7,1314,2,1314,2,2007,Gd,34.0
244600,8,1468,3,1468,2,2008,Gd,74.0
179200,6,1575,2,1575,2,1992,,50.0
164700,7,1250,2,625,2,2006,,35.0
159000,6,1734,2,912,1,1962,Gd,77.0
88000,4,858,0,858,1,1971,,
122000,5,900,1,882,1,1967,,
153575,6,1396,1,698,1,1915,,60.0
233230,8,1919,2,1079,2,2006,Gd,120.0
135900,5,1716,0,780,2,1912,,55.0
131000,5,1716,1,768,1,1949,Gd,60.0
235000,7,2263,2,795,2,1977,TA,
167000,6,1644,2,1416,1,1953,Gd,80.0
142500,6,1003,2,1003,1,1984,,37.0
152000,5,1558,1,910,1,1950,,75.0
239000,7,1950,2,975,2,1997,TA,66.0
175000,6,1743,2,702,1,1968,Gd,90.0
158500,6,1152,1,1092,1,1950,Gd,80.0
157000,5,1336,1,1165,1,1953,Gd,90.0
267000,8,2452,2,1028,2,1998,TA,66.0
205000,7,1541,3,1541,2,2001,TA,118.0
149900,5,894,2,894,1,1972,,70.0
295000,7,3493,3,1470,3,1880,Ex,87.0
305900,8,2000,3,2000,2,2004,,80.0
225000,7,2243,3,700,2,1990,TA,116.0
89500,6,1406,0,319,1,1920,,
82500,4,861,2,861,1,1940,,
360000,9,1944,3,1896,2,2003,Ex,90.0
165600,6,1501,2,697,2,1993,TA,
132000,6,972,1,972,1,1948,Gd,50.0
119900,5,1118,2,793,1,1939,Gd,65.0
375000,7,2036,2,2136,2,1965,Gd,150.0
178000,7,1641,2,728,1,1925,Gd,60.0
188500,7,1432,2,716,2,2004,Gd,71.0
260000,7,2353,2,845,2,1980,TA,94.0
270000,8,1959,3,1088,2,2006,Gd,75.0
260000,7,2646,3,1347,2,1993,TA,90.0
187500,7,1472,2,1372,2,1980,TA,
342643,9,2596,3,1249,3,2006,,111.0
354000,8,2468,3,1136,2,2004,Gd,99.0
301000,7,2730,2,1502,2,1986,TA,86.0
126175,3,1163,1,1162,1,1955,,49.0
242000,7,2978,2,710,2,1967,Gd,96.0
87000,5,803,2,720,1,1941,,50.0
324000,8,1719,2,1719,1,1993,Gd,32.0
145250,6,1383,1,1383,1,1960,,80.0
214500,6,2134,2,844,2,1916,,
78000,5,1192,1,596,1,1920,,60.0
119000,5,1728,1,1728,2,1964,,
139000,5,1056,1,1056,1,1958,,70.0
284000,8,1629,3,3206,2,2003,Gd,85.0
207000,7,1358,2,1358,2,2004,Gd,59.0
192000,6,1638,2,943,2,1998,TA,59.0
228950,5,1786,2,1499,2,1965,Gd,
377426,9,1922,3,1922,2,2005,Gd,86.0
214000,7,1536,2,1536,2,2002,,70.0
202500,7,1621,2,1208,2,1984,,91.0
155000,6,1215,1,1215,1,1958,,66.0
202900,8,1908,2,967,2,2002,,85.0
82000,4,841,1,721,1,1950,,60.0
87500,3,1040,2,0,2,1949,,
266000,9,1684,2,1684,2,2005,Ex,63.0
85000,5,1112,1,536,1,1976,,36.0
140200,6,1577,1,972,1,1939,Gd,65.0
151500,6,958,1,958,1,1960,,
157500,6,1478,2,1478,2,1960,Gd,
154000,7,1626,2,764,2,2003,,36.0
437154,9,2728,3,1848,2,2005,Ex,56.0
318061,9,1869,2,1869,2,2007,Gd,68.0
190000,7,1453,2,1453,1,1986,TA,
95000,5,1111,1,616,1,1941,,60.0
105900,6,720,2,624,1,1928,,60.0
140000,6,1595,1,940,1,1940,Gd,60.0
177500,6,1200,2,1200,2,1995,,105.0
173000,6,1167,2,1158,2,1992,,
134000,5,1142,2,1142,1,1976,Po,44.0
130000,5,1352,1,1062,1,1958,,92.0
280000,8,1924,2,1086,2,1998,TA,78.0
156000,6,912,2,888,1,1978,TA,
145000,5,1505,1,883,1,1940,,
198500,7,1922,2,0,3,2003,Ex,64.0
118000,6,987,1,483,1,1972,,21.0
190000,6,1574,2,796,2,1976,TA,
147000,5,1344,1,672,1,1920,,59.0
159000,6,1394,2,1394,1,1963,Gd,
165000,6,1431,1,1099,1,1962,Gd,101.0
132000,5,1268,1,1268,1,1954,Gd,78.0
162000,5,1287,2,1063,1,1959,Gd,
172400,6,1664,2,953,2,2000,TA,
134432,4,1588,2,0,2,1959,Gd,80.0
125000,6,752,1,744,1,1984,,50.0
123000,5,1319,1,608,1,1953,,79.0
219500,7,1928,2,847,2,2003,Gd,65.0
61000,1,904,0,683,0,1922,,
148000,5,914,2,870,1,1996,,57.0
340000,8,2466,2,1580,3,2004,Gd,102.0
394432,9,1856,3,1856,1,2010,Ex,88.0
179000,6,1800,2,982,2,2000,TA,60.0
127000,5,1691,1,1026,2,1924,Gd,50.0
187750,7,1301,2,1293,2,2006,Gd,60.0
213500,7,1797,2,939,2,2006,,79.0
76000,6,784,2,784,1,1928,,60.0
240000,6,1953,2,1580,2,1992,Fa,
192000,8,1269,2,1256,2,2004,TA,43.0
81000,5,1184,0,658,1,1910,,58.0
125000,6,1125,1,1041,1,1976,Fa,72.0
191000,7,1479,2,1468,2,1999,,93.0
426000,10,2332,3,1682,2,2007,Ex,96.0
119000,5,1367,1,861,1,1900,,50.0
215000,6,1961,2,804,2,2001,TA,71.0
106500,5,882,1,0,1,1959,,
100000,4,788,0,788,1,1941,TA,
109000,5,1034,1,735,1,1940,,60.0
129000,5,1144,1,1144,1,1956,,68.0
123000,5,894,2,894,1,1972,,60.0
169500,5,1812,1,864,2,1962,TA,69.0
67000,5,1077,1,961,1,1920,,60.0
241000,7,1550,2,1092,2,2006,,65.0
245500,8,1288,2,1260,1,1996,Gd,38.0
164990,7,1310,2,1310,2,2005,Gd,65.0
108000,5,672,1,672,1,1940,,60.0
258000,8,2263,2,1141,2,1998,TA,93.0
168000,6,1572,2,806,2,1995,TA,
150000,4,1620,2,1281,2,1976,TA,
115000,6,1639,1,1064,1,1936,,51.0
177000,6,1680,1,840,2,1915,,63.0
280000,7,2172,3,1063,2,2006,Gd,109.0
339750,8,2078,3,1034,2,2007,Gd,85.0
60000,5,1276,1,1276,1,1958,,68.0
145000,5,1056,2,1056,1,1955,,100.0
222000,7,1478,2,1470,2,2009,Gd,
115000,5,1028,2,1008,1,1927,Gd,56.0
228000,7,2097,3,1080,2,1993,TA,59.0
181134,7,1340,2,1340,2,2007,,73.0
149500,6,1400,2,672,1,1978,TA,74.0
239000,6,2624,3,1370,2,1918,Gd,86.0
126000,5,1134,1,756,1,1940,,60.0
142000,5,1056,1,1056,1,1968,Fa,65.0
206300,7,1344,4,1344,2,1997,,78.0
215000,6,1602,2,1602,2,1977,TA,
113000,5,988,2,988,1,1954,,100.0
315000,8,2630,3,1470,2,1998,TA,80.0
139000,6,1196,1,1196,1,1956,Gd,72.0
135000,7,1389,1,651,1,1946,Gd,60.0
275000,7,1644,2,1518,2,1989,TA,
109008,4,907,1,907,1,1957,,77.0
195400,7,1208,2,1208,2,2007,,64.0
175000,6,1412,2,1392,2,1988,TA,130.0
85400,6,987,1,483,1,1971,,21.0
79900,6,1198,0,901,1,1920,,60.0
122500,5,1365,2,765,1,1971,,24.0
181000,6,1604,2,926,2,1997,TA,100.0
81000,4,630,0,630,1,1972,,21.0
212000,7,1661,2,799,2,1996,TA,43.0
116000,6,1118,2,648,1,1920,,40.0
119000,6,904,1,884,1,1926,,50.0
90350,5,694,1,440,1,1913,Gd,40.0
110000,6,1196,2,684,1,1920,,67.0
555000,10,2402,3,3094,2,2008,Gd,105.0
118000,4,1440,0,1440,2,1955,,92.0
162900,5,1573,2,1078,2,1930,Gd,52.0
172500,7,1258,3,1258,2,2006,Gd,53.0
210000,7,1908,2,915,2,1994,TA,70.0
127500,6,1689,2,1436,1,1956,Gd,73.0
190000,6,1888,2,1517,2,1966,Gd,137.0
199900,7,1886,2,930,2,1998,TA,
119500,6,1376,1,780,2,1937,Gd,50.0
120000,3,1183,1,649,1,1948,,50.0
110000,6,813,1,813,1,1930,,70.0
280000,7,1533,2,1533,2,1975,TA,62.0
204000,6,1756,2,872,2,1996,,
210000,8,1590,2,768,2,2008,,75.0
188000,5,1728,2,1728,2,1976,,63.0
175500,7,1242,2,1242,1,1973,TA,80.0
98000,5,1344,3,624,1,1916,,34.0
256000,4,1663,2,1364,1,1954,Gd,
161000,8,1666,1,588,1,1925,Gd,
110000,5,1203,1,709,1,1950,TA,
263435,8,1935,2,832,2,2009,,75.0
155000,7,1135,2,560,1,1936,,60.0
62383,5,864,1,864,1,1965,Po,60.0
188700,6,1660,1,715,1,1934,Gd,74.0
124000,5,1040,0,1040,2,1978,,60.0
178740,7,1414,2,1375,2,2004,TA,
167000,7,1277,2,1277,1,1970,Po,85.0
146500,5,1644,1,728,1,1942,Gd,79.0
250000,8,1634,3,1626,2,2006,Gd,98.0
187000,6,1710,2,832,2,1993,,76.0
212000,8,1502,2,1488,1,1985,,
190000,7,1969,2,808,2,1977,Gd,92.0
148000,6,1072,2,547,1,2005,,35.0
440000,8,1976,3,1976,2,2006,Ex,110.0
251000,8,1652,2,1494,2,2000,,41.0
132500,5,970,2,970,1,1963,,80.0
208900,6,1493,2,1478,2,1997,TA,75.0
380000,9,2643,3,2153,2,2006,Gd,105.0
297000,8,1718,3,1705,2,2007,Gd,79.0
89471,4,1131,2,907,1,1937,,50.0
326000,9,1850,3,1833,2,2004,Gd,98.0
374000,9,1792,3,1792,2,2003,Gd,72.0
155000,7,1826,1,910,1,1915,Gd,50.0
164000,6,1216,2,1216,2,1998,,32.0
132500,5,999,1,999,1,1962,,
147000,5,1113,1,1113,1,1950,Gd,80.0
156000,5,1073,2,1073,1,1965,,79.0
175000,5,1484,2,1484,2,1971,TA,70.0
160000,5,2414,2,954,2,1900,Gd,60.0
86000,4,630,1,630,1,1970,,21.0
115000,5,1304,1,264,1,1976,Gd,
133000,6,1578,1,806,1,1941,TA,79.0
172785,6,1456,2,728,2,2006,,105.0
155000,5,1269,1,1269,1,1960,Fa,70.0
91300,5,886,1,190,1,1938,,50.0
34900,4,720,0,720,1,1920,,60.0
430000,8,3228,2,3200,3,1992,Gd,
184000,7,1820,1,1026,2,1925,,60.0
130000,5,899,1,864,1,1967,,65.0
120000,5,912,1,912,1,1958,,70.0
113000,6,1218,1,672,1,1973,,21.0
226700,7,1768,2,866,2,2005,,75.0
140000,5,1214,2,1214,1,1965,,70.0
289000,7,1801,2,1501,2,1959,TA,100.0
147000,6,1322,2,855,2,1974,Fa,24.0
124500,5,1960,2,960,2,1952,,60.0
215000,8,1911,2,777,2,1993,TA,80.0
208300,6,1218,2,1218,2,2009,,75.0
161000,7,1378,2,689,2,1928,Gd,60.0
124500,5,1041,1,1041,1,1959,,80.0
164900,5,1363,1,1008,1,1951,TA,75.0
202665,7,1368,2,1368,2,2005,Gd,40.0
129900,5,864,2,864,1,1958,,70.0
134000,6,1080,2,1084,1,1983,,71.0
96500,5,789,1,768,1,1926,,55.0
402861,10,2020,3,2006,2,2009,Gd,94.0
158000,6,2119,2,689,2,1972,TA,
265000,7,2344,3,1264,2,1996,TA,79.0
211000,6,1796,2,794,2,1998,,
234000,7,2080,1,1276,1,1926,Gd,53.0
106250,4,1294,0,0,2,1900,,60.0
150000,6,1244,1,1244,1,1957,Gd,90.0
159000,6,1664,2,1004,2,1947,Gd,50.0
184750,10,4676,3,3138,3,2007,Gd,130.0
315750,7,2398,3,1379,2,1996,TA,95.0
176000,7,1266,2,1257,2,2005,TA,62.0
132000,5,928,1,928,1,1956,,70.0
446261,9,2713,3,1452,2,2008,Gd,67.0
86000,4,605,0,528,1,1920,,58.0
200624,6,2515,2,2035,3,1957,TA,
175000,6,1509,2,1461,2,1988,Fa,85.0
128000,6,1362,2,611,2,1920,,60.0
107500,5,827,1,0,1,1955,Po,60.0
39300,1,334,0,0,1,1946,,50.0
178000,8,1414,2,707,2,2004,Gd,74.0
107500,5,1347,0,1117,1,1910,,70.0
188000,7,1724,2,880,2,1998,,57.0
111250,4,864,2,864,1,1972,,
158000,5,1159,1,1051,1,1968,Fa,
272000,8,1601,2,1581,2,2001,TA,
315000,9,1838,3,1838,2,2006,Gd,85.0
248000,8,2285,3,969,2,2000,TA,
213250,7,1680,2,1650,2,1998,TA,78.0
133000,7,767,1,723,1,1998,,34.0
179665,7,1496,2,654,2,2006,Gd,58.0
229000,7,2183,3,1204,2,1988,,
210000,6,1635,2,1065,1,1923,Gd,70.0
129500,5,768,2,768,1,1970,,54.0
125000,5,825,2,825,1,1955,,49.0
263000,7,2094,2,912,2,2003,Gd,75.0
140000,6,1069,2,1069,2,1977,,53.0
112500,5,928,1,928,1,1957,,50.0
255500,8,1717,3,1709,2,2006,Gd,87.0
108000,4,1126,2,0,2,1949,,67.0
284000,7,2046,3,998,2,2003,Gd,85.0
113000,5,1048,1,993,1,1922,Gd,58.0
141000,5,1092,1,1092,1,1957,TA,69.0
108000,4,1336,1,637,1,1920,,60.0
175000,7,1446,2,729,2,1996,TA,57.0
234000,7,1557,2,1374,2,2003,TA,
121500,5,1392,2,1392,1,1957,Gd,
170000,5,1389,2,1389,1,1974,TA,77.0
108000,5,996,0,996,1,1940,Gd,63.0
185000,6,1674,2,1163,2,1918,Gd,66.0
268000,7,2295,2,1095,2,1992,TA,
128000,6,1647,1,806,1,1915,,66.0
325000,9,2504,3,1122,2,2005,Gd,77.0
214000,7,1535,2,1517,2,2004,,70.0
316600,8,2132,2,1496,1,1983,Gd,79.0
135960,5,943,2,943,1,1979,TA,
142600,5,1728,2,1728,2,1965,,74.0
120000,6,864,1,864,1,1959,,60.0
224500,7,1692,2,846,2,2009,,83.0
170000,7,1430,2,384,2,2000,TA,76.0
139000,5,1109,1,372,1,1971,,70.0
118500,5,1216,1,832,1,1947,,80.0
145000,7,1477,1,861,2,1928,Gd,52.0
164500,5,1320,2,1164,1,1966,Fa,96.0
146000,7,1392,2,689,2,2007,,34.0
131500,5,1795,1,1050,2,1954,,81.0
181900,6,1429,2,1144,1,1960,Gd,
253293,8,2042,3,2042,2,2008,Gd,98.0
118500,6,816,0,816,1,1990,,81.0
325000,10,2775,2,1237,3,1893,Gd,75.0
133000,4,1573,1,884,1,1935,,51.0
369900,8,2028,3,1868,2,2005,Gd,88.0
130000,6,838,1,816,1,1918,,55.0
137000,5,860,2,840,1,1982,,74.0
143000,5,1473,1,1437,1,1968,Gd,65.0
79500,5,935,1,742,1,1930,,50.0
185900,7,1582,2,770,2,2004,,64.0
451950,10,2296,3,1722,2,2008,Gd,97.0
138000,5,816,2,816,1,1982,,60.0
140000,6,848,2,848,1,2003,,
110000,5,924,1,924,1,1975,,88.0
319000,8,1826,3,1814,2,2005,TA,69.0
114504,6,1368,1,684,1,1910,,60.0
194201,7,1402,3,1258,0,2006,Gd,53.0
217500,5,1647,2,1430,2,1977,TA,80.0
151000,6,1556,2,716,2,1980,TA,24.0
275000,8,1904,2,1058,2,2005,Gd,74.0
141000,6,1375,1,780,1,1937,Gd,50.0
220000,8,1915,2,908,2,1992,TA,80.0
151000,7,1200,2,600,2,2004,,30.0
221000,7,1494,2,1494,2,2002,TA,88.0
205000,7,1986,2,768,2,1965,Fa,85.0
152000,5,1040,2,1040,1,1996,,82.0
225000,5,2008,1,896,3,1948,,78.0
359100,8,3194,2,965,2,1934,Gd,78.0
118500,4,1029,1,1029,1,1961,,61.0
313000,9,2153,3,1440,2,2000,Ex,
148000,6,1032,2,1032,2,1978,TA,
261500,8,1872,2,1299,2,2001,TA,
147000,5,1120,0,1120,1,2007,,70.0
75500,4,630,0,630,1,1972,,21.0
137500,6,1054,2,936,1,1963,,80.0
183200,6,1509,2,783,2,2002,Gd,
105500,6,832,2,832,1,1954,,59.0
314813,9,1828,3,1822,2,2007,Gd,90.0
305000,8,2262,3,1482,2,2003,Gd,85.0
67000,3,864,0,864,1,1914,,45.0
240000,6,2614,2,1522,2,1974,TA,90.0
135000,5,980,2,980,1,1977,,71.0
168500,6,1512,2,756,2,2000,TA,
165150,6,1790,2,732,1,1972,TA,80.0
160000,6,1116,2,1116,1,1962,,87.0
139900,5,1422,1,978,1,1960,TA,
153000,6,1520,1,1156,1,1955,Gd,80.0
135000,5,2080,2,1040,1,1969,TA,70.0
168500,6,1350,2,1248,1,1964,,82.0
124000,5,1750,1,636,1,1880,,50.0
209500,8,1554,2,1554,2,2006,Gd,34.0
82500,7,1411,2,1386,2,1977,TA,85.0
139400,5,1056,1,1056,1,1954,,80.0
144000,6,1056,2,1056,0,1980,,64.0
200000,6,3395,0,1440,2,1914,,60.0
60000,2,800,0,264,1,1936,Po,51.0
93000,5,1387,1,811,2,1954,,50.0
85000,5,796,0,796,1,1910,,67.0
264561,8,1567,3,1520,2,2006,Gd,53.0
274000,8,1518,2,1518,1,2003,Gd,62.0
226000,7,1929,2,1057,2,2001,TA,
345000,8,2704,2,1952,2,1972,TA,75.0
152000,5,1620,2,780,2,1969,,80.0
370878,9,1766,3,1766,2,2009,Gd,85.0
143250,6,981,2,981,1,1971,,
98300,5,1048,2,0,1,1950,,60.0
155000,6,1094,2,1094,1,1953,Gd,85.0
155000,6,1839,2,756,1,1966,TA,70.0
84500,4,630,0,630,1,1970,,21.0
205950,7,1665,2,813,2,2007,,65.0
108000,4,1510,1,755,1,1940,Gd,60.0
191000,7,1716,2,880,2,1996,TA,70.0
135000,6,1469,1,756,1,1906,,60.0
350000,8,2113,3,2109,2,1995,TA,91.0
88000,6,1092,1,525,1,1971,,21.0
145500,5,1053,1,1053,1,1959,,72.0
149000,7,1502,1,776,1,1931,Gd,60.0
97500,6,1458,1,912,1,1948,Gd,78.0
167000,5,1486,2,1486,1,1964,,75.0
197900,7,1935,2,793,2,1976,TA,
402000,8,2448,3,1629,2,1994,TA,52.0
110000,6,1392,2,1392,1,1968,TA,120.0
137500,4,1181,2,1138,2,1972,,90.0
423000,8,2097,3,2077,1,2005,Ex,49.0
230500,8,1936,2,1406,2,2000,TA,106.0
129000,6,2380,2,1021,2,1965,Po,
193500,6,1679,2,1408,2,1994,Fa,65.0
168000,5,1437,2,1188,1,1956,TA,
137500,4,1180,1,700,1,1922,Gd,80.0
173500,6,1476,2,738,2,2005,,64.0
103600,6,1369,1,672,2,1925,,54.0
165000,6,1208,2,1208,1,1977,TA,
257500,6,1839,2,1477,2,1957,TA,110.0
140000,6,1136,1,1136,1,1965,Gd,80.0
148500,6,1441,2,855,2,1978,TA,24.0
87000,4,1774,3,1095,2,1900,,60.0
109500,5,792,1,768,1,1924,,52.0
372500,8,2046,3,2046,2,2008,Gd,80.0
128500,5,988,2,988,1,1961,,
143000,6,923,1,923,2,1980,TA,50.0
159434,5,1520,1,793,1,1932,,55.0
173000,6,1291,2,1291,1,1996,Gd,
285000,9,1668,3,1626,2,2002,TA,90.0
221000,7,1839,2,1195,2,1998,,58.0
207500,7,2090,2,1190,2,1984,TA,
227875,7,1761,2,874,3,2007,,84.0
148800,7,1102,2,551,2,2004,,
392000,8,1419,2,1419,2,2007,Gd,60.0
194700,6,1362,2,1362,2,2005,Gd,61.0
141000,6,848,2,848,1,2004,TA,
755000,10,4316,3,2444,3,1994,Ex,104.0
335000,7,2519,2,1210,2,1989,Gd,42.0
108480,5,1073,1,1073,1,1921,,60.0
141500,5,1539,2,927,1,1936,,51.0
176000,6,1137,2,1112,2,1987,TA,54.0
89000,5,616,1,616,1,1921,,50.0
123500,5,1148,1,980,1,1952,,57.0
138500,5,894,1,894,1,1965,Gd,65.0
196000,7,1391,2,1391,2,2004,,59.0
312500,8,1800,3,1800,2,2002,Gd,85.0
140000,7,1164,2,1164,1,1969,,80.0
361919,8,2576,3,1234,2,2006,Gd,82.0
140000,5,1812,2,360,2,1900,Po,76.0
213000,7,1484,2,1473,2,2004,,70.0
55000,4,1092,0,0,2,1930,,70.0
302000,7,1824,2,1643,2,1971,TA,
254000,8,1324,2,1324,2,2006,Gd,48.0
179540,7,1456,2,728,2,2007,Gd,65.0
109900,5,904,1,876,1,1966,,
52000,3,729,0,270,1,1935,,56.0
102776,4,1178,1,859,1,1900,,66.0
189000,8,1228,2,1228,2,1988,Gd,40.0
129000,4,960,2,960,1,1970,,60.0
130500,6,1479,2,725,2,1976,,
165000,6,1350,2,1064,2,1974,TA,78.0
159500,7,2554,2,718,1,1890,,60.0
157000,5,1178,2,1176,1,1973,Fa,80.0
341000,7,2418,3,1311,2,1993,TA,96.0
128500,5,971,1,971,1,1969,Po,69.0
275000,8,1742,2,1742,2,1985,TA,
143000,6,848,2,848,1,2004,,
124500,4,864,2,864,1,1970,,70.0
135000,4,1470,1,941,2,1954,,60.0
320000,9,1698,3,1698,2,2007,Gd,86.0
120500,4,864,2,864,1,1970,,60.0
222000,6,1680,2,880,2,1988,Gd,
194500,7,1232,2,1232,2,2007,,64.0
110000,5,1776,3,1584,2,1958,,85.0
103000,4,1208,2,780,1,1925,,52.0
236500,8,1616,2,1595,2,1995,TA,39.0
187500,7,1146,2,868,2,2003,Gd,73.0
222500,7,2031,2,1153,2,1998,TA,75.0
131400,5,1144,1,864,1,1961,TA,80.0
108000,5,948,1,948,1,1968,,
163000,7,1768,2,880,1,1914,TA,60.0
93500,3,1040,2,0,2,1950,,60.0
239900,8,1801,3,893,2,2005,Gd,72.0
179000,5,1200,0,1200,3,1987,,60.0
190000,7,1728,2,864,2,2004,,65.0
132000,5,1432,2,264,2,1910,,60.0
142000,6,912,1,912,1,1961,,65.0
179000,7,1349,2,1349,2,2000,,65.0
175000,5,1464,2,520,2,1963,TA,70.0
180000,8,1337,2,1337,2,1993,TA,41.0
299800,8,2715,2,1142,3,1976,TA,
236000,7,2256,2,952,2,2000,TA,
265979,7,2640,4,1240,1,1880,Gd,65.0
260400,7,1720,2,1720,2,1996,TA,59.0
98000,4,1529,1,0,2,1945,,50.0
96500,4,1140,0,576,1,1910,,55.0
162000,7,1320,2,660,2,2003,,
217000,6,1494,2,1479,2,1997,,79.0
275500,8,2098,3,1030,2,2005,Gd,80.0
156000,6,1026,2,1026,1,1969,,61.0
172500,6,1471,2,729,2,1999,,34.0
212000,8,1768,2,866,2,2007,,68.0
158900,6,1386,2,672,2,1978,TA,
179400,7,1501,2,744,2,1999,,24.0
290000,8,2531,3,1318,2,1995,TA,65.0
127500,6,864,1,864,1,1959,,70.0
100000,5,1301,2,1145,1,1924,,60.0
215200,7,1547,2,756,2,2009,,72.0
337000,8,2365,3,1252,2,1999,Gd,82.0
270000,8,1494,2,1494,1,1995,Gd,30.0
264132,9,1506,2,1498,2,2008,Gd,75.0
196500,7,1714,2,980,2,1988,TA,80.0
160000,6,1750,1,983,2,1940,,75.0
216837,7,1836,2,1860,2,2004,Gd,70.0
538000,8,3279,3,1650,3,2003,Gd,47.0
134900,5,858,2,858,1,1982,,
102000,4,1220,2,836,1,1951,,67.0
107000,6,1117,2,1029,1,1976,TA,94.0
114500,5,912,1,912,1,1958,,70.0
395000,8,1973,3,1935,2,2006,Gd,110.0
162000,6,1204,2,1204,2,1998,,32.0
221500,7,1614,3,1614,2,2005,,86.0
142500,5,894,2,864,1,1974,Fa,100.0
144000,5,2020,2,0,2,1977,TA,60.0
135000,6,1004,2,975,1,1977,,78.0
176000,7,1253,2,1237,2,1995,TA,63.0
175900,6,1603,2,761,2,1992,,65.0
187100,7,1430,2,1413,2,2001,,67.0
165500,5,1110,2,1097,1,1978,TA,
128000,6,1484,0,742,2,1914,Gd,35.0
161500,6,1342,2,1372,2,1967,Gd,
139000,5,1652,1,686,2,1915,,60.0
233000,7,2084,2,956,2,2004,,76.0
107900,4,901,1,901,1,1954,,50.0
187500,6,2087,2,832,2,1966,,
160200,7,1145,2,1145,2,2005,Gd,43.0
146800,6,1062,2,1029,1,1976,TA,
269790,7,2013,2,1117,2,1996,TA,92.0
225000,8,1496,2,1496,2,2007,,76.0
194500,7,1895,2,712,2,1994,TA,
171000,6,1564,2,650,2,1980,TA,70.0
143500,6,1285,2,660,1,1977,TA,71.0
110000,5,773,1,773,1,1953,,57.0
485000,9,3140,3,1926,3,2008,Gd,104.0
175000,5,1768,1,731,1,1937,TA,60.0
200000,6,1688,2,616,2,1997,,79.0
109900,4,1196,2,1196,1,1916,,40.0
189000,7,1456,2,728,2,2005,Gd,63.0
582933,9,2822,3,1734,3,2008,Gd,107.0
118000,5,1128,1,936,1,1954,,75.0
227680,7,1428,2,1417,2,2008,,91.0
135500,5,980,1,980,2,1967,,75.0
223500,5,1576,2,1324,1,1923,TA,144.0
159950,5,1086,2,1024,1,1966,Gd,85.0
106000,5,2138,2,849,2,1898,,90.0
181000,6,1309,2,1040,1,1974,Fa,78.0
144500,6,848,2,848,1,2004,Gd,
55993,5,1044,2,540,1,1952,,66.0
157900,6,1442,1,1442,1,1958,,75.0
116000,5,1250,1,686,1,1918,,45.0
224900,7,1661,2,1649,2,1998,,48.0
137000,5,1008,1,1008,1,1954,Gd,
271000,8,1689,3,1568,2,2002,Gd,
155000,6,1052,2,1010,1,1971,,80.0
224000,7,1358,2,1358,2,2009,Gd,44.0
183000,7,1640,2,798,2,2003,,72.0
93000,4,936,2,936,1,1953,,60.0
225000,7,1733,2,847,2,2003,Gd,
139500,6,1489,1,778,2,1940,Gd,60.0
232600,8,1489,2,1489,2,2006,Gd,81.0
385000,10,2084,3,2078,2,2007,Gd,114.0
109500,5,784,0,784,1,1924,,50.0
189000,7,1434,2,1454,2,2001,TA,65.0
185000,5,2126,2,1013,2,1967,,
147400,7,1223,2,600,2,2005,,24.0
166000,6,1392,2,1392,1,1957,Gd,80.0
151000,7,1200,2,600,2,2005,,30.0
237000,7,1829,2,941,2,2003,TA,44.0
167000,6,1516,2,1516,1,1964,,100.0
139950,5,1144,2,1144,1,1961,,75.0
128000,4,1067,2,1067,2,1950,,60.0
153500,5,1559,2,1559,1,1948,,90.0
100000,6,987,1,483,1,1973,,21.0
144000,5,1099,1,1099,1,1995,,75.0
130500,5,1200,1,768,1,1946,,70.0
140000,6,1482,1,672,2,1925,,
157500,5,1539,2,650,2,1904,Po,60.0
174900,6,1165,2,1127,1,1966,,82.0
141000,5,1800,0,1800,2,1961,,80.0
153900,5,1416,3,876,1,1915,Gd,100.0
171000,5,1701,2,1390,2,1975,TA,
213000,7,1775,2,740,2,1993,TA,75.0
133500,5,864,1,864,1,1972,Fa,36.0
240000,6,2358,2,907,3,1908,Gd,75.0
187000,6,1855,2,528,2,1976,TA,80.0
131500,6,848,2,848,1,2003,,36.0
215000,8,1456,2,1273,2,2003,TA,
164000,7,1646,1,918,2,1941,Gd,53.0
158000,6,1445,2,1127,1,1964,Fa,
170000,5,1779,2,1763,1,1955,Gd,102.0
127000,5,1040,1,1040,1,1962,,
147000,6,1026,2,940,1,1978,,
174000,6,1481,2,702,2,1994,TA,65.0
152000,7,1370,2,1090,2,1976,TA,80.0
250000,6,2654,2,1054,2,1968,Gd,
189950,7,1426,1,912,1,1918,Gd,55.0
131500,5,1039,2,1039,1,1965,,75.0
152000,6,1097,2,1040,2,1984,,81.0
132500,5,1148,1,1148,1,1959,,70.0
250580,7,1372,2,1372,2,2007,,72.0
148500,5,1002,2,1002,1,1970,,
248900,8,1646,3,1638,2,2006,Gd,67.0
129000,4,1120,2,1040,1,1961,,85.0
169000,5,2320,2,0,2,1948,TA,
236000,7,1949,2,1050,2,1993,TA,80.0
109500,5,894,1,894,1,1962,,60.0
200500,6,1682,2,804,2,1998,,70.0
116000,5,910,2,105,1,1953,,74.0
133000,5,1268,1,832,1,1949,Gd,60.0
66500,5,1131,1,676,1,1941,,52.0
303477,8,2610,2,1184,2,2007,Gd,75.0
132250,4,1040,2,1064,1,1963,,94.0
350000,9,2224,3,1462,2,2004,Gd,74.0
148000,5,1155,2,1109,1,1961,,88.0
136500,5,864,1,864,1,1978,,
157000,5,1090,2,1090,1,2005,,60.0
187500,7,1717,2,1156,2,1990,TA,44.0
178000,6,1593,2,808,2,1992,TA,
118500,4,2230,1,795,1,1912,,60.0
100000,5,892,1,892,1,1967,,65.0
328900,9,1709,2,1698,2,1999,TA,50.0
145000,5,1712,2,1626,2,1959,,70.0
135500,5,1393,1,816,1,1955,,59.0
268000,8,2217,2,2217,2,1970,TA,95.0
149500,6,1505,2,1505,1,1953,TA,128.0
122900,5,924,2,672,1,1949,Po,60.0
172500,6,1683,2,918,2,1978,TA,70.0
154500,6,1068,1,1059,1,1963,,70.0
165000,5,1383,1,1383,1,1954,Gd,
118858,5,1535,2,0,2,1979,,64.0
140000,6,1796,2,780,1,1963,TA,71.0
106500,4,951,1,951,1,1936,,50.0
142953,5,2240,2,0,2,1979,,64.0
611657,9,2364,3,2330,2,2009,Gd,100.0
135000,5,1236,1,912,1,1961,TA,65.0
110000,4,858,1,858,1,1971,,
153000,5,1306,1,992,1,1957,,64.0
180000,7,1509,2,783,2,2003,Gd,63.0
240000,7,1670,3,1670,2,2006,Gd,50.0
125500,5,902,1,876,1,1967,,
128000,5,1063,1,1056,1,1954,,80.0
255000,8,1636,3,1623,2,2006,Gd,116.0
250000,7,2057,1,1017,1,1936,Gd,86.0
131000,5,902,2,864,1,1983,,
174000,6,1484,2,742,2,2005,Gd,149.0
154300,5,2274,2,1105,2,1960,,80.0
143500,5,1268,1,1268,1,1977,,
88000,5,1015,1,768,1,1925,,51.0
145000,5,2002,3,1001,2,1949,,82.0
173733,6,1224,2,612,2,2009,,30.0
75000,4,1092,1,546,1,1970,,21.0
35311,2,480,1,480,0,1949,,50.0
135000,4,1229,1,1134,1,1956,,
238000,7,2127,3,1104,2,1991,TA,103.0
176500,6,1414,2,1184,1,1958,TA,87.0
201000,6,1721,2,928,2,1994,,70.0
145900,5,2200,0,1272,2,1900,,67.0
169990,6,1316,2,1316,2,2005,Gd,65.0
193000,6,1617,2,1604,2,1993,Fa,50.0
207500,6,1686,2,1686,2,1980,TA,79.0
175000,5,1126,2,1126,2,1977,,
285000,8,2374,3,1181,2,2003,Gd,93.0
176000,7,1978,2,832,2,1968,Gd,
236500,8,1788,2,1753,2,2001,TA,
222000,7,2236,2,964,2,1997,TA,
201000,8,1466,3,1466,2,2007,,73.0
117500,5,925,1,925,1,1965,,70.0
320000,9,1905,3,1905,2,2006,Gd,84.0
190000,7,1500,2,1500,2,2004,,63.0
242000,7,2069,2,585,2,1960,Gd,313.0
79900,4,747,2,600,1,1926,,52.0
184900,7,1200,2,1176,2,2003,,67.0
253000,7,1971,2,1113,2,2005,Gd,75.0
239799,7,1962,3,1391,2,2006,,73.0
244400,7,2403,1,1032,2,1940,TA,
150900,6,1728,2,1728,2,1976,,55.0
214000,7,2060,2,992,2,1999,TA,
150000,4,1440,0,1440,2,1977,,42.0
143000,5,1632,2,1632,2,1967,,100.0
137500,6,1344,2,819,1,1958,Gd,
124900,5,1869,2,1088,1,1890,,98.0
143000,5,1144,1,1144,1,1959,TA,70.0
270000,8,1629,3,1616,2,2002,Gd,85.0
192500,7,1776,2,936,2,2002,TA,65.0
197500,6,1381,2,1161,1,1972,TA,78.0
129000,5,864,2,864,1,1950,,60.0
119900,5,965,1,828,1,1965,,60.0
133900,5,768,1,768,1,1972,,60.0
172000,5,1968,2,784,2,1969,Po,
127500,6,980,0,945,2,1975,,35.0
145000,6,1958,2,979,2,1946,,82.0
124000,6,1229,2,561,1,1980,TA,24.0
132000,5,1057,2,1057,1,1962,,70.0
185000,7,1337,2,1337,2,2003,,65.0
155000,7,1416,2,696,2,1999,,24.0
116500,5,858,0,858,1,1958,,50.0
272000,6,2872,2,1330,2,1977,TA,
155000,6,1548,2,804,2,1976,TA,24.0
239000,9,1800,2,1800,2,2007,,122.0
214900,7,1894,2,817,2,2002,Gd,80.0
178900,6,1484,2,783,2,2005,Gd,65.0
160000,5,1308,1,728,1,1940,TA,130.0
135000,5,1098,1,1098,1,1955,,
37900,3,968,0,600,1,1910,,50.0
140000,6,1095,1,588,1,1958,,75.0
135000,4,1192,0,720,1,1949,,60.0
173000,7,1626,2,764,2,2003,,36.0
99500,6,918,1,918,2,1979,TA,55.0
182000,7,1428,2,1428,2,2007,,95.0
167500,7,2019,2,728,1,1910,,60.0
165000,7,1382,2,673,2,2000,,
85500,4,869,0,440,1,1923,,51.0
199900,7,1241,2,1241,1,2006,,35.0
110000,4,894,2,894,1,1954,,68.0
139000,5,1121,2,1121,1,1963,,80.0
178400,7,999,2,944,1,1961,,
336000,8,2612,3,1225,2,1998,TA,98.0
159895,7,1266,2,1266,2,2007,Gd,43.0
255900,8,2290,2,1128,2,2002,Gd,
126000,5,1734,2,0,2,1977,,75.0
125000,5,1164,1,1164,1,1950,,68.0
117000,6,1635,1,485,1,1910,,59.0
395192,9,1940,3,1930,2,2009,Gd,83.0
195000,6,2030,2,848,2,1976,TA,
197000,7,1576,2,770,2,2006,,65.0
348000,8,2392,3,1396,2,1997,TA,82.0
168000,8,1742,2,916,1,1882,Gd,121.0
187000,6,1851,2,822,2,1964,Fa,80.0
173900,6,1500,2,750,2,2005,,68.0
337500,10,1718,3,1700,2,2006,Gd,96.0
121600,4,1230,1,747,1,1946,,51.0
136500,5,1050,1,1050,1,1961,,
185000,6,1442,2,1442,2,1970,TA,
91000,3,1077,1,1007,1,1922,Gd,60.0
206000,7,1208,2,1187,2,2006,,64.0
82000,3,944,2,0,1,1952,,74.0
86000,5,691,1,691,1,1920,,60.0
232000,8,1574,3,1574,2,2006,Gd,75.0
136905,5,1680,2,1680,2,1976,,
181000,7,1504,2,1346,2,2005,Gd,43.0
149900,5,985,1,985,2,1977,,65.0
163500,6,1657,2,1657,2,1970,TA,
88000,4,1092,1,546,1,1970,,21.0
240000,7,1710,2,1710,2,2004,Gd,43.0
102000,5,1522,0,1008,2,1926,,60.0
135000,5,1271,1,720,2,1948,Gd,115.0
100000,5,1664,0,0,2,1965,,75.0
165000,6,1502,1,602,1,1923,TA,55.0
85000,5,1022,1,1022,1,1910,,60.0
119200,6,1082,1,1082,1,1948,Gd,60.0
227000,8,1665,2,810,2,2001,,70.0
203000,7,1504,2,1504,2,1996,TA,73.0
187500,8,1360,2,1220,1,1984,Ex,
160000,7,1472,2,384,2,1991,TA,
213490,7,1506,2,1362,2,2005,Gd,43.0
176000,4,1132,2,1132,1,2005,,60.0
194000,7,1220,2,1199,2,2006,,64.0
87000,5,1248,1,912,1,1930,,52.0
191000,7,1504,2,1346,2,2005,Gd,43.0
287000,8,2898,2,1565,2,1976,Gd,
112500,5,882,2,882,1,1972,,70.0
167500,5,1264,2,1268,1,1960,Gd,73.0
293077,8,1646,3,1638,2,2007,Gd,71.0
105000,5,1376,1,768,1,1941,Gd,79.0
118000,6,1218,1,672,1,1972,,21.0
160000,5,1928,0,686,2,1916,,
197000,7,3082,2,824,2,1920,TA,102.0
310000,8,2520,3,1338,2,1993,TA,
230000,7,1654,3,1654,2,2002,,
119750,5,954,1,920,1,1938,Gd,50.0
84000,4,845,1,0,1,1957,,
315500,9,1620,3,1620,2,2007,Ex,89.0
287000,8,2263,2,1055,2,2001,TA,
97000,4,1344,0,546,1,1970,TA,21.0
80000,4,630,1,630,1,1970,,21.0
155000,5,1803,2,1134,2,1957,TA,88.0
173000,6,1632,2,800,1,1966,,
196000,6,1306,2,1306,2,2005,Gd,34.0
262280,7,2329,2,1475,2,1990,Ex,86.0
278000,8,2524,2,2524,2,1981,Gd,80.0
139600,3,1733,2,0,2,1955,Gd,
556581,9,2868,3,1992,3,2005,Gd,85.0
145000,5,990,2,990,1,1994,,57.0
115000,5,1771,2,0,1,1960,TA,100.0
84900,4,930,1,0,1,1946,,60.0
176485,7,1302,2,1302,2,2007,,73.0
200141,7,1316,2,1316,2,2007,Gd,103.0
165000,6,1977,2,816,1,1964,TA,100.0
144500,5,1526,1,1216,1,1957,Gd,68.0
255000,8,1989,2,1065,2,2002,Gd,90.0
180000,6,1523,2,1193,2,1976,TA,104.0
185850,7,1364,2,1364,2,2005,Gd,43.0
248000,7,1850,2,973,2,1994,Gd,
335000,9,2184,3,1104,2,2008,Gd,96.0
220000,6,1991,2,854,1,1932,Gd,
213500,8,1338,2,1338,2,2001,,41.0
81000,3,894,3,894,1,1935,,120.0
90000,5,2337,2,662,2,1900,,85.0
110500,6,1103,2,1103,1,1925,Gd,50.0
154000,5,1154,2,1154,1,1966,Po,
328000,7,2260,2,1306,2,1996,,80.0
178000,6,1571,2,799,2,1993,TA,59.0
167900,6,1611,2,780,1,1964,,80.0
151400,6,2521,2,942,2,1973,Gd,42.0
135000,5,893,2,845,1,1949,,60.0
135000,5,1048,1,1048,1,1956,,72.0
154000,6,1556,2,727,1,1968,,78.0
91500,5,1456,1,810,1,1948,TA,50.0
159500,6,1426,2,690,1,1977,,75.0
194000,7,1240,3,1240,2,2006,,74.0
219500,7,1740,1,800,1,1940,Gd,75.0
170000,5,1466,2,796,2,1936,TA,60.0
138800,5,1096,1,1096,1,1969,,
155900,6,848,2,848,1,2004,Gd,37.0
126000,5,990,1,990,1,1994,,65.0
145000,6,1258,2,1258,2,1971,,80.0
133000,5,1040,1,1040,1,1963,,75.0
192000,7,1459,2,1459,2,2002,Gd,70.0
160000,6,1251,1,1251,1,1964,Gd,80.0
187500,6,1498,2,691,2,1995,TA,
147000,6,996,2,936,1,1992,,73.0
83500,4,1092,1,546,1,1973,,
252000,8,1953,3,1082,2,2005,Gd,85.0
137500,7,1709,2,970,2,2004,,24.0
197000,8,1247,2,1247,1,2005,Gd,37.0
92900,3,1040,2,0,2,1950,,60.0
160000,7,1252,2,600,2,1999,,24.0
136500,6,1694,2,1181,2,1925,Gd,60.0
146000,5,1200,2,864,1,1965,,71.0
129000,5,936,1,936,1,1956,,74.0
176432,6,1314,2,1314,2,2006,Gd,78.0
127000,6,1355,0,684,1,1914,,60.0
170000,8,1088,2,1074,1,1986,,
128000,4,1324,1,672,1,1936,,50.0
157000,7,1601,2,1271,2,1978,TA,82.0
60000,2,438,1,290,1,1920,,60.0
119500,5,950,1,950,1,1971,,61.0
135000,5,1134,1,1010,1,1960,,70.0
159500,6,1194,2,655,1,1959,Fa,79.0
106000,5,1302,2,630,2,1970,,24.0
325000,8,2622,2,1463,2,1994,TA,98.0
179900,7,1442,2,910,2,1990,TA,114.0
274725,7,2021,2,868,2,2006,Gd,168.0
181000,6,1690,2,924,2,2000,TA,
280000,8,1836,3,1836,2,2004,Gd,107.0
188000,6,1658,2,773,2,1995,TA,
205000,7,1964,2,803,2,1976,Gd,80.0
129900,5,816,1,816,1,1957,,73.0
134500,5,1008,1,1008,1,1953,,66.0
117000,5,833,1,833,1,1954,,90.0
318000,8,1734,3,1734,2,2007,Gd,93.0
184100,8,1419,2,408,2,2002,TA,
130000,5,894,2,894,1,1967,,57.0
140000,5,1601,1,533,1,1958,,85.0
133700,5,1040,1,1040,1,1959,,70.0
118400,6,1012,1,1012,1,1920,Gd,59.0
212900,7,1552,3,1552,2,2005,,84.0
112000,4,960,1,672,1,1956,,
118000,5,698,0,698,1,1947,,50.0
163900,7,1482,2,384,2,1992,TA,
115000,4,1005,2,1005,1,1955,TA,60.0
174000,7,1555,3,1373,2,2007,TA,53.0
259000,7,1530,3,1530,2,2004,Gd,182.0
215000,7,1959,2,847,2,2004,Gd,59.0
140000,5,936,2,936,1,1980,,60.0
135000,4,1981,2,1122,2,1928,TA,65.0
93500,5,974,0,974,1,1991,,63.0
117500,6,2210,1,1008,2,1880,,90.0
239500,8,2020,2,1128,2,1995,TA,80.0
169000,6,1600,2,916,2,1997,TA,57.0
102000,6,986,1,960,1,1926,Gd,60.0
119000,6,1252,1,1032,1,1950,,80.0
94000,5,1020,0,780,1,1875,,54.0
196000,6,1567,2,1567,2,1977,TA,
144000,5,1167,2,915,1,1920,Gd,98.0
139000,5,952,2,952,1,1951,,60.0
197500,5,1868,2,780,2,1976,TA,
424870,8,2828,3,1466,3,2006,TA,77.0
80000,5,1006,0,1006,1,1959,,
80000,4,924,1,672,1,1941,,60.0
149000,5,1576,1,1042,1,1928,Gd,52.0
180000,6,1298,2,1298,2,1985,TA,
174500,7,1564,1,704,1,1941,Gd,75.0
116900,7,1111,1,572,1,1926,Gd,
143000,7,1482,2,650,1,1920,,50.0
124000,6,932,1,932,1,1950,Gd,57.0
149900,5,1466,2,1466,1,1959,Gd,134.0
230000,6,1811,2,1073,1,1956,Gd,90.0
120500,6,816,1,816,1,1930,,
201800,7,1820,2,864,1,1965,Gd,
218000,5,1437,2,1437,2,1976,Fa,90.0
179900,5,1265,2,1219,2,1965,Gd,85.0
230000,7,1314,2,1314,2,2007,Gd,34.0
235128,8,1580,3,1580,2,2007,,92.0
185000,6,1876,2,901,2,1974,TA,76.0
146000,6,1456,2,855,2,1978,TA,24.0
224000,6,1640,2,1296,1,1954,Gd,
129000,5,894,2,894,1,1968,Po,109.0
108959,4,1258,2,1198,0,1969,,60.0
194000,5,1432,2,1360,1,1978,TA,
233170,7,1502,2,1502,2,2009,,79.0
245350,8,1694,3,1694,2,2008,,64.0
173000,6,1671,2,959,2,2000,TA,58.0
235000,6,2108,2,1127,2,1935,TA,120.0
625000,10,3627,3,1930,3,1995,TA,118.0
171000,6,1118,1,1096,1,1977,Po,76.0
163000,6,1261,2,1261,1,1958,TA,76.0
171900,7,1250,2,625,2,2006,,35.0
200500,5,3086,0,1598,3,1946,Gd,138.0
239000,6,2345,2,952,2,1932,Gd,80.0
285000,8,2872,2,1683,2,1992,TA,85.0
119500,5,923,1,876,1,1984,,37.0
115000,6,1224,1,818,1,1926,,
154900,5,1343,1,731,1,1921,Gd,54.0
93000,5,1124,0,0,1,1954,Gd,77.0
250000,7,2514,2,1216,2,1990,,
392500,8,1652,2,1600,2,2008,Gd,64.0
745000,10,4476,3,2396,3,1996,TA,160.0
120000,5,1130,2,1120,1,1920,Gd,60.0
186700,5,1572,3,1572,1,1963,TA,50.0
104900,5,1221,1,784,1,1924,,60.0
95000,3,1699,2,978,2,1900,,107.0
262000,8,1624,3,1624,2,1994,Fa,89.0
195000,7,1660,2,831,2,2002,,68.0
189000,7,1804,2,994,2,1999,TA,60.0
168000,4,1622,4,1249,1,1961,TA,
174000,8,1441,2,776,2,1999,,24.0
125000,5,1472,1,702,1,1925,,60.0
165000,6,1224,2,1224,2,1999,,
158000,6,1352,1,663,1,1969,,80.0
176000,6,1456,2,728,2,2005,,51.0
219210,7,1863,3,879,2,2006,Gd,58.0
144000,7,1690,1,815,1,1916,Gd,65.0
178000,7,1212,2,1212,2,2001,,70.0
148000,4,1382,2,1051,1,1963,Po,75.0
116050,4,864,1,864,1,1970,,71.0
197900,7,1779,2,866,2,1998,,80.0
117000,5,1348,1,884,1,1925,Fa,50.0
213000,7,1630,2,1630,2,2000,TA,75.0
153500,5,1074,2,1056,1,1975,,78.0
271900,7,2196,3,2158,2,1990,TA,90.0
107000,4,1056,1,1056,1,1966,,
200000,6,1700,2,1682,2,2003,,70.0
140000,5,1283,2,931,1,1962,,70.0
290000,8,1660,2,1660,2,2006,Gd,85.0
189000,6,1845,2,1055,2,1992,TA,70.0
164000,8,1752,2,559,2,1988,,152.0
113000,4,672,1,672,1,1941,,50.0
145000,4,960,1,648,0,1965,,
134500,5,999,1,925,1,1962,,69.0
125000,5,894,1,894,1,1966,,99.0
112000,6,1902,2,0,2,1978,,68.0
229456,8,1314,2,1300,2,2009,,72.0
80500,4,912,0,0,1,1947,,52.0
91500,6,1218,0,672,1,1971,,21.0
115000,5,912,1,912,1,1964,,66.0
134000,5,1211,1,952,1,1968,TA,55.0
143000,6,1846,1,1040,2,1949,Gd,78.0
137900,5,2136,2,2136,2,1951,,89.0
184000,7,1490,2,788,2,2004,Gd,60.0
145000,6,1138,1,588,1,1958,,65.0
214000,6,1933,3,894,2,2007,Gd,86.0
147000,5,912,2,912,1,1965,,72.0
367294,9,1702,3,1702,1,2008,Gd,65.0
127000,5,1507,1,1075,2,1960,,70.0
190000,5,2620,2,1361,2,1977,TA,
132500,5,1190,2,1106,1,1962,,70.0
101800,4,1224,2,0,2,1962,,70.0
142000,5,1188,2,1188,1,1959,,
130000,5,1964,0,940,1,1911,,55.0
138887,5,1784,1,747,1,1914,,96.0
175500,7,1626,2,764,2,2003,,36.0
195000,7,1948,2,847,2,2004,Gd,41.0
142500,6,1141,2,1141,1,2005,,63.0
265900,8,1484,2,1476,2,2006,Gd,64.0
224900,7,1768,2,884,2,2003,,65.0
248328,7,1689,3,1689,2,2007,,83.0
170000,7,1173,2,1053,2,1974,TA,85.0
465000,10,2076,3,2076,2,2006,Gd,107.0
230000,8,1517,2,792,1,1929,Gd,
178000,6,1868,2,585,3,1984,TA,78.0
186500,7,1553,2,756,2,2005,,65.0
169900,6,1034,3,1012,1,1976,,
129500,6,2058,2,735,1,1917,Gd,60.0
119000,5,988,1,876,1,1950,,60.0
244000,7,2110,2,2110,2,1968,TA,93.0
171750,7,1405,2,1405,2,2003,Gd,
130000,5,874,1,864,1,1968,,62.0
294000,7,2167,2,1192,2,1974,Gd,
165400,7,1656,2,746,2,2003,Gd,60.0
127500,6,1367,1,884,1,1931,Gd,52.0
301500,8,1987,2,1986,2,1994,TA,91.0
99900,5,864,0,864,1,1922,,56.0
190000,7,1166,2,856,2,2005,,59.0
151000,6,1054,2,1054,1,1969,,65.0
181000,6,1675,2,841,2,1999,TA,
128900,5,1050,1,1050,1,1956,,80.0
161500,4,1788,1,1104,1,1957,TA,
180500,6,1824,2,764,1,1919,Gd,60.0
181000,6,1337,2,1405,2,1998,,34.0
183900,7,1452,2,691,2,1999,,35.0
122000,7,1889,1,925,1,1910,Gd,60.0
378500,9,2018,3,2002,2,2008,Gd,89.0
381000,8,3447,3,728,3,1935,Gd,
144000,5,1524,1,874,1,1958,,78.0
260000,7,1524,2,1332,0,1979,TA,
185750,6,1489,2,1489,2,1968,Gd,
137000,5,935,1,935,1,1965,,
177000,6,1357,1,1019,1,1959,Gd,124.0
139000,5,1250,2,661,2,1910,Gd,53.0
137000,5,1920,2,928,2,1948,,95.0
162000,6,1395,2,723,1,1972,TA,
197900,6,1724,2,1680,1,1967,Gd,
237000,8,2031,2,1128,2,2002,Gd,75.0
68400,4,1128,2,698,1,1920,,60.0
227000,7,1573,2,1573,2,2002,,67.0
180000,7,1339,2,1309,2,1990,TA,50.0
150500,5,1040,2,1040,2,1977,,61.0
139000,6,1824,0,912,2,1971,,94.0
169000,6,2447,1,804,2,1919,Gd,50.0
132500,6,1412,1,780,1,1939,Gd,50.0
143000,6,1328,2,1328,1,1963,Gd,
190000,5,1582,2,1624,2,1964,,
278000,8,1659,2,1501,2,2000,Ex,40.0
281000,8,1970,3,1085,2,2006,Gd,86.0
180500,5,1152,2,1152,1,1964,Gd,
119500,5,1302,1,630,2,1972,,21.0
107500,5,2372,1,994,2,1892,,60.0
162900,7,1664,2,832,2,1976,TA,78.0
115000,5,864,2,864,1,1955,,60.0
138500,5,1052,1,1052,1,1968,,70.0
155000,5,1128,2,1120,2,1963,,80.0
140000,6,1072,2,547,2,2005,,35.0
160000,10,5642,2,6110,2,2008,Gd,313.0
154000,5,1246,1,1246,1,1959,,75.0
225000,7,1983,2,978,2,1999,TA,
177500,6,1494,1,771,1,1942,Gd,
290000,8,2526,3,1165,2,1994,TA,92.0
232000,7,1616,3,1616,2,2005,,73.0
130000,7,1708,2,976,2,2004,,32.0
325000,9,1652,2,1652,2,2006,Ex,108.0
202500,7,1368,2,1368,2,2005,Gd,48.0
138000,5,990,2,990,1,1994,,60.0
147000,5,1122,2,924,1,1948,,100.0
179200,6,1294,2,1278,2,1991,,
335000,7,1902,2,1902,2,1959,TA,100.0
203000,7,1274,2,1274,2,2005,,68.0
302000,8,2810,2,1453,2,1990,Ex,
333168,9,2599,3,1393,2,1999,TA,108.0
119000,4,948,1,948,1,1954,TA,60.0
206900,6,2112,2,952,2,1969,Gd,85.0
295493,8,1630,3,1622,2,2008,Gd,61.0
208900,7,1352,2,1352,2,2006,Gd,47.0
275000,8,1787,3,1753,2,2001,TA,
111000,4,948,1,864,1,1954,,75.0
156500,6,1478,2,1478,1,1957,Gd,70.0
72500,3,720,1,0,1,1949,,
190000,7,1923,2,750,2,1992,TA,107.0
82500,4,708,0,420,1,1940,,50.0
147000,8,1795,3,1795,2,2006,Gd,75.0
55000,4,796,0,796,1,1922,,40.0
79000,3,774,0,544,1,1931,,70.0
130500,5,816,1,816,1,1982,Ex,60.0
256000,6,2792,2,1510,2,1920,TA,60.0
176500,7,1632,2,935,2,1998,TA,63.0
227000,8,1588,3,1588,2,2006,Gd,85.0
132500,5,954,2,911,1,1976,,55.0
100000,4,816,1,816,1,1938,Gd,67.0
125500,5,1360,1,803,1,1938,,60.0
125000,5,1365,2,765,1,1970,,24.0
167900,6,1334,2,1350,2,1977,TA,80.0
135000,5,1656,2,1656,2,1973,,87.0
52500,4,693,0,693,1,1941,,153.0
200000,7,1861,2,916,2,2002,,95.0
128500,5,864,1,864,1,1972,,120.0
123000,4,872,4,858,1,1971,,70.0
155000,6,1114,2,1114,1,2003,,66.0
228500,8,2169,2,1284,2,2002,Gd,
177000,6,1913,2,896,1,1928,TA,57.0
155835,7,1456,2,728,2,2006,TA,85.0
108500,4,960,1,960,1,1920,,50.0
262500,7,2156,2,1568,2,1968,Gd,
283463,8,1776,3,1732,2,2006,Gd,93.0
215000,7,1494,2,1482,2,1998,Fa,
122000,8,2358,0,684,2,1872,,50.0
200000,5,2634,4,1248,2,1969,,91.0
171000,6,1716,2,858,1,1962,Gd,70.0
134900,6,1176,2,698,1,1937,,50.0
410000,8,3238,3,2033,2,1995,Ex,56.0
235000,7,1865,3,992,2,2000,TA,
170000,7,1920,2,570,3,1968,TA,102.0
110000,5,892,1,864,1,1966,,
149900,5,1078,2,1078,1,1971,Fa,
177500,6,1573,2,756,2,2000,,
315000,9,1980,3,1980,2,2004,Gd,129.0
189000,5,2601,2,612,3,1921,,51.0
260000,7,1530,2,1530,2,2005,Gd,124.0
104900,4,1738,1,715,2,1920,Gd,
156932,6,1412,2,616,2,2006,Gd,73.0
144152,7,1200,2,600,2,2005,,30.0
216000,7,1674,2,814,2,2000,,
193000,7,1790,2,873,2,1999,,68.0
127000,5,1475,1,757,2,1977,TA,41.0
144000,6,848,2,848,1,2003,,
232000,8,1668,2,1657,2,2003,TA,48.0
105000,4,1374,1,840,1,1920,,90.0
165500,6,1661,1,992,1,1955,TA,80.0
274300,7,2097,2,1108,2,1998,TA,75.0
466500,10,2633,3,2633,2,2001,Gd,
250000,7,1958,3,1026,2,2005,Gd,85.0
239000,8,1571,3,1571,2,2007,Gd,89.0
91000,6,790,1,768,1,1930,,52.0
117000,5,1604,2,984,2,1941,,60.0
83000,6,987,1,483,1,1973,,21.0
167500,5,1394,2,384,2,2006,,73.0
58500,3,864,1,864,1,1914,,45.0
237500,6,2117,2,1205,2,1970,Gd,
157000,7,1762,2,596,1,1920,,60.0
112000,5,1416,2,816,2,1918,,
105000,6,1258,1,560,1,1939,,60.0
125500,4,1154,1,796,1,1922,,40.0
250000,7,2784,2,1392,3,1978,TA,80.0
136000,6,2526,1,714,2,1916,Gd,60.0
377500,9,1746,3,1746,2,2006,Gd,42.0
131000,6,1218,2,735,1,1941,Gd,60.0
235000,7,1525,2,1525,2,2000,,70.0
124000,5,1584,3,1584,2,1967,,65.0
123000,5,900,1,864,1,1967,Po,68.0
163000,6,1912,2,482,2,1905,TA,60.0
246578,7,1500,3,1356,2,2006,Gd,53.0
281213,8,2482,3,1094,2,2005,Gd,88.0
160000,5,1687,2,747,1,1948,TA,
137500,5,1513,1,939,1,1920,,51.0
138000,5,1904,1,1208,1,1950,,60.0
137450,6,1608,1,976,2,1925,Gd,51.0
120000,6,1158,1,862,1,1929,Gd,50.0
193000,6,1593,2,839,2,2004,TA,62.0
193879,7,1294,2,1286,2,2006,Gd,64.0
282922,8,1464,3,1485,2,2007,,49.0
105000,3,1214,3,672,1,1915,,60.0
275000,8,1646,2,1594,2,2004,Gd,44.0
133000,5,768,2,768,1,1972,,70.0
112000,5,833,0,833,1,1985,,
125500,4,1363,2,622,1,1910,,60.0
215000,7,2093,2,791,2,1986,TA,46.0
230000,7,1840,2,944,2,2001,,79.0
140000,6,1668,1,856,1,1950,,80.0
90000,4,1040,2,0,2,1949,,60.0
257000,8,1844,2,1844,2,2005,Gd,88.0
207000,6,1848,2,833,1,1923,Gd,64.0
175900,7,1569,3,1386,2,2007,TA,51.0
122500,4,2290,2,777,2,1885,,60.0
340000,8,2450,3,1284,2,1998,TA,
124000,5,1144,1,1144,1,1963,,71.0
223000,6,1844,2,1844,2,1969,TA,
179900,6,1416,2,708,2,1968,TA,90.0
127500,6,1069,2,1069,2,1977,Fa,53.0
136500,6,848,2,848,1,2003,,37.0
274970,6,2201,2,697,2,1966,Gd,
144000,5,1344,1,1024,1,1958,TA,
142000,6,1252,2,1252,1,1959,,80.0
271000,7,2127,2,1223,2,1994,TA,81.0
140000,5,1558,1,913,1,1945,TA,60.0
119000,5,804,1,788,1,1940,Gd,60.0
182900,6,1440,2,1440,2,1981,TA,
192140,5,1838,2,732,2,2005,Gd,60.0
143750,6,958,2,958,2,1976,,
64500,4,968,1,656,2,1927,,60.0
186500,6,1792,2,936,2,2000,TA,93.0
160000,5,1126,2,1126,2,1977,Gd,80.0
174000,6,1537,2,1319,1,1962,Gd,80.0
120500,4,864,2,864,1,1971,,60.0
394617,8,1932,3,1932,2,2008,Gd,96.0
149700,6,1236,2,912,1,1957,,90.0
197000,7,1725,2,539,2,1979,TA,80.0
191000,6,2555,2,588,2,1922,Gd,79.0
149300,6,848,2,848,1,2004,TA,
310000,10,2007,3,1017,2,2008,Ex,85.0
121000,6,952,1,952,1,1916,Gd,
179600,7,1422,2,1422,2,2004,,63.0
129000,6,913,1,814,1,1966,,70.0
157900,5,1188,1,1188,1,1962,,
240000,8,2090,2,1220,2,1995,TA,80.0
112000,4,1346,1,560,1,1910,,70.0
92000,5,630,0,630,1,1970,,21.0
136000,5,1792,0,896,2,1974,,60.0
287090,8,1578,3,1573,2,2008,Gd,78.0
145000,5,1072,2,547,1,2005,,35.0
84500,5,1140,0,1140,1,2006,,90.0
185000,7,1221,2,1221,2,2004,,62.0
175000,6,1647,2,953,2,1999,TA,62.0
210000,6,2073,2,1542,2,1978,TA,85.0
266500,7,2340,1,1152,2,1941,Gd,66.0
142125,5,1078,1,1078,1,1950,,68.0
147500,5,1256,1,1256,1,1965,,75.0
