default,default_amount
0,0
0,0
0,0
0,0
0,0
0,0
0,0
0,0
0,0
0,0
0,0
0,0
0,0
0,0
0,0
0,0
0,0
0,0
0,0
0,0
0,0
0,0
0,0
0,0
0,0
0,0
0,0
0,0
0,0
0,0
0,0
0,0
0,0
0,0
1,1630
0,0
0,0
0,0
1,9201
0,0
0,0
0,0
1,2523
0,0
0,0
0,0
1,12766
1,6224
0,0
0,0
0,0
0,0
0,0
0,0
1,6601
0,0
0,0
0,0
0,0
0,0
0,0
0,0
0,0
0,0
1,695
0,0
0,0
0,0
0,0
0,0
0,0
0,0
0,0
0,0
0,0
1,1319
0,0
1,11766
0,0
1,4645
0,0
0,0
0,0
0,0
0,0
0,0
0,0
1,13304
0,0
0,0
0,0
0,0
0,0
0,0
0,0
0,0
0,0
1,3008
0,0
0,0
0,0
0,0
0,0
0,0
0,0
0,0
0,0
0,0
0,0
0,0
0,0
0,0
0,0
0,0
0,0
0,0
0,0
0,0
1,5560
0,0
0,0
0,0
0,0
0,0
0,0
0,0
0,0
0,0
0,0
0,0
0,0
0,0
0,0
0,0
0,0
1,2779
0,0
1,4798
0,0
0,0
0,0
0,0
0,0
0,0
0,0
0,0
0,0
1,851
0,0
1,1569
0,0
0,0
0,0
0,0
0,0
0,0
0,0
0,0
0,0
0,0
0,0
0,0
1,8971
0,0
0,0
0,0
0,0
0,0
0,0
0,0
0,0
0,0
0,0
0,0
0,0
0,0
0,0
0,0
0,0
0,0
0,0
1,1491
0,0
0,0
0,0
0,0
0,0
0,0
0,0
1,1384
0,0
0,0
0,0
0,0
0,0
0,0
0,0
0,0
0,0
0,0
0,0
0,0
0,0
0,0
0,0
1,4965
0,0
0,0
0,0
1,14637
0,0
0,0
0,0
0,0
0,0
0,0
1,6286
0,0
0,0
0,0
0,0
0,0
0,0
0,0
1,4840
0,0
0,0
0,0
0,0
0,0
0,0
0,0
0,0
0,0
0,0
0,0
0,0
0,0
0,0
0,0
0,0
0,0
0,0
0,0
0,0
0,0
0,0
0,0
0,0
0,0
0,0
0,0
0,0
0,0
0,0
0,0
0,0
0,0
0,0
0,0
0,0
0,0
0,0
0,0
0,0
1,3262
0,0
0,0
0,0
0,0
0,0
0,0
0,0
0,0
0,0
0,0
1,3001
0,0
0,0
0,0
1,4486
0,0
0,0
0,0
0,0
0,0
0,0
0,0
0,0
0,0
0,0
0,0
0,0
0,0
0,0
0,0
0,0
0,0
0,0
0,0
0,0
0,0
0,0
0,0
0,0
0,0
0,0
0,0
0,0
0,0
0,0
0,0
0,0
0,0
0,0
1,11815
0,0
0,0
0,0
0,0
0,0
0,0
0,0
0,0
0,0
0,0
0,0
0,0
0,0
1,1651
0,0
0,0
0,0
0,0
0,0
1,1889
0,0
0,0
0,0
0,0
0,0
0,0
0,0
0,0
0,0
1,8539
0,0
0,0
0,0
0,0
0,0
0,0
0,0
0,0
0,0
0,0
0,0
0,0
0,0
0,0
1,3633
0,0
0,0
0,0
0,0
0,0
0,0
0,0
0,0
1,1136
0,0
0,0
0,0
0,0
0,0
0,0
0,0
0,0
0,0
0,0
0,0
0,0
0,0
0,0
0,0
0,0
0,0
0,0
0,0
0,0
0,0
0,0
0,0
0,0
0,0
0,0
0,0
0,0
0,0
1,10205
0,0
0,0
0,0
0,0
0,0
0,0
0,0
0,0
0,0
0,0
0,0
0,0
0,0
0,0
0,0
0,0
0,0
0,0
0,0
0,0
0,0
0,0
0,0
0,0
1,6473
0,0
0,0
0,0
0,0
0,0
0,0
0,0
0,0
0,0
0,0
0,0
0,0
0,0
0,0
0,0
0,0
0,0
1,3205
1,5694
0,0
0,0
0,0
0,0
0,0
1,6013
0,0
1,2736
0,0
0,0
0,0
0,0
0,0
0,0
0,0
1,5161
0,0
0,0
0,0
0,0
0,0
0,0
0,0
0,0
0,0
0,0
0,0
0,0
0,0
0,0
0,0
0,0
0,0
0,0
0,0
0,0
1,1086
0,0
1,6061
0,0
0,0
0,0
0,0
0,0
0,0
1,4532
0,0
0,0
1,1270
1,1439
1,7243
0,0
0,0
0,0
0,0
0,0
0,0
0,0
0,0
0,0
0,0
0,0
0,0
0,0
0,0
1,11287
0,0
0,0
1,1958
0,0
0,0
0,0
0,0
0,0
0,0
0,0
0,0
0,0
0,0
0,0
0,0
1,3808
0,0
0,0
0,0
0,0
0,0
1,2969
1,578
0,0
1,1805
0,0
0,0
0,0
0,0
0,0
0,0
0,0
0,0
0,0
0,0
0,0
1,11613
0,0
0,0
0,0
0,0
0,0
0,0
0,0
0,0
0,0
0,0
0,0
0,0
0,0
0,0
1,2169
0,0
0,0
0,0
0,0
1,4893
0,0
0,0
0,0
0,0
0,0
0,0
0,0
0,0
0,0
0,0
0,0
0,0
0,0
0,0
0,0
0,0
0,0
0,0
0,0
1,2760
0,0
0,0
0,0
0,0
0,0
1,3699
0,0
0,0
0,0
0,0
0,0
1,11426
0,0
0,0
1,3652
0,0
1,2873
0,0
0,0
0,0
0,0
0,0
0,0
0,0
0,0
0,0
0,0
0,0
1,2293
0,0
0,0
0,0
0,0
0,0
0,0
0,0
1,12582
0,0
0,0
0,0
0,0
0,0
0,0
0,0
0,0
1,8062
0,0
0,0
0,0
0,0
0,0
0,0
0,0
0,0
0,0
0,0
0,0
0,0
0,0
0,0
0,0
0,0
0,0
0,0
0,0
0,0
0,0
0,0
1,2211
0,0
0,0
0,0
0,0
0,0
0,0
0,0
0,0
0,0
1,3152
0,0
0,0
0,0
0,0
0,0
0,0
0,0
0,0
0,0
1,891
0,0
0,0
0,0
0,0
1,4987
0,0
0,0
0,0
1,4096
1,4702
0,0
0,0
0,0
0,0
0,0
1,2263
0,0
0,0
1,3293
0,0
1,8084
0,0
0,0
0,0
1,2855
0,0
0,0
0,0
0,0
0,0
1,4567
0,0
0,0
0,0
1,3152
0,0
0,0
0,0
0,0
0,0
0,0
0,0
0,0
0,0
0,0
0,0
0,0
0,0
0,0
0,0
0,0
0,0
0,0
0,0
0,0
0,0
0,0
0,0
0,0
0,0
0,0
0,0
1,6929
0,0
0,0
0,0
0,0
0,0
0,0
0,0
0,0
0,0
0,0
0,0
0,0
0,0
0,0
0,0
0,0
0,0
0,0
0,0
0,0
0,0
0,0
0,0
0,0
0,0
0,0
1,4361
0,0
1,5006
0,0
0,0
0,0
0,0
0,0
0,0
0,0
0,0
0,0
0,0
0,0
0,0
0,0
0,0
0,0
0,0
0,0
0,0
0,0
0,0
0,0
0,0
0,0
0,0
0,0
0,0
0,0
0,0
0,0
0,0
0,0
0,0
0,0
0,0
1,2238
0,0
1,9141
0,0
0,0
0,0
0,0
0,0
0,0
1,10342
0,0
0,0
0,0
0,0
0,0
0,0
0,0
0,0
0,0
0,0
0,0
1,9950
0,0
0,0
0,0
0,0
0,0
0,0
0,0
1,3482
0,0
0,0
0,0
0,0
0,0
0,0
0,0
0,0
0,0
0,0
0,0
0,0
0,0
0,0
0,0
0,0
0,0
0,0
0,0
0,0
0,0
1,12953
0,0
0,0
0,0
0,0
0,0
0,0
1,3702
0,0
0,0
0,0
0,0
0,0
1,2210
0,0
0,0
0,0
1,3451
0,0
1,1949
0,0
0,0
0,0
0,0
0,0
0,0
0,0
0,0
0,0
0,0
0,0
0,0
0,0
0,0
0,0
0,0
0,0
1,2774
0,0
0,0
0,0
0,0
0,0
0,0
0,0
1,15285
1,3149
1,3559
0,0
0,0
0,0
0,0
0,0
0,0
0,0
0,0
0,0
0,0
0,0
0,0
0,0
0,0
0,0
0,0
0,0
0,0
0,0
0,0
1,12481
0,0
0,0
0,0
0,0
1,2523
0,0
0,0
1,1563
0,0
0,0
0,0
0,0
0,0
0,0
0,0
0,0
0,0
1,6794
0,0
0,0
0,0
1,2227
0,0
0,0
0,0
0,0
0,0
0,0
0,0
0,0
1,7835
0,0
0,0
1,2672
0,0
0,0
0,0
0,0
0,0
0,0
0,0
0,0
0,0
0,0
0,0
0,0
0,0
0,0
0,0
1,2230
0,0
0,0
1,15606
0,0
0,0
0,0
1,968
0,0
0,0
0,0
1,1219
0,0
0,0
0,0
0,0
0,0
0,0
0,0
0,0
0,0
0,0
0,0
0,0
0,0
0,0
0,0
0,0
0,0
0,0
1,8446
1,2045
1,1240
0,0
0,0
1,4931
0,0
0,0
0,0
0,0
0,0
1,10258
0,0
0,0
0,0
0,0
0,0
0,0
0,0
0,0
0,0
1,4307
0,0
0,0
0,0
0,0
0,0
0,0
0,0
0,0
0,0
0,0
0,0
0,0
0,0
1,2526
0,0
0,0
0,0
0,0
0,0
1,5875
0,0
0,0
0,0
0,0
0,0
1,6008
0,0
0,0
0,0
0,0
0,0
0,0
0,0
0,0
0,0
0,0
0,0
0,0
0,0
0,0
0,0
0,0
0,0
0,0
0,0
0,0
0,0
0,0
0,0
1,1171
0,0
0,0
0,0
0,0
0,0
0,0
1,2311
1,1572
0,0
0,0
0,0
0,0
0,0
0,0
0,0
0,0
0,0
0,0
0,0
0,0
0,0
0,0
1,3551
0,0
0,0
0,0
0,0
0,0
1,1562
0,0
0,0
0,0
0,0
0,0
0,0
0,0
0,0
0,0
0,0
1,5090
0,0
0,0
0,0
0,0
0,0
0,0
0,0
0,0
0,0
0,0
0,0
0,0
0,0
0,0
0,0
0,0
0,0
1,2020
0,0
0,0
0,0
0,0
0,0
1,4154
0,0
0,0
0,0
0,0
0,0
0,0
0,0
0,0
1,5648
1,751
0,0
0,0
0,0
0,0
1,9420
0,0
1,1133
1,2552
0,0
0,0
0,0
0,0
0,0
0,0
0,0
0,0
0,0
0,0
0,0
0,0
0,0
0,0
0,0
0,0
0,0
0,0
0,0
0,0
0,0
0,0
0,0
0,0
0,0
0,0
0,0
0,0
0,0
0,0
0,0
0,0
0,0
0,0
0,0
0,0
0,0
0,0
0,0
0,0
0,0
0,0
0,0
0,0
0,0
0,0
0,0
0,0
0,0
0,0
1,4160
1,433
0,0
0,0
1,1294
0,0
0,0
0,0
1,7966
0,0
0,0
0,0
0,0
0,0
0,0
0,0
0,0
1,4480
0,0
0,0
0,0
0,0
0,0
0,0
0,0
0,0
0,0
0,0
0,0
0,0
0,0
0,0
0,0
0,0
0,0
0,0
0,0
0,0
0,0
0,0
0,0
0,0
0,0
0,0
0,0
0,0
0,0
0,0
0,0
0,0
0,0
0,0
1,13732
1,1185
0,0
0,0
0,0
0,0
0,0
0,0
0,0
1,4696
0,0
0,0
0,0
0,0
0,0
0,0
0,0
0,0
0,0
0,0
0,0
0,0
0,0
0,0
0,0
0,0
0,0
0,0
0,0
0,0
0,0
1,1752
0,0
0,0
1,3405
0,0
1,1805
0,0
1,856
0,0
0,0
0,0
0,0
0,0
0,0
0,0
0,0
0,0
1,5182
0,0
0,0
0,0
0,0
1,3079
0,0
0,0
0,0
0,0
0,0
0,0
1,687
0,0
0,0
0,0
0,0
0,0
1,625
1,3417
0,0
0,0
0,0
0,0
0,0
1,11572
0,0
0,0
1,6851
0,0
0,0
0,0
0,0
0,0
0,0
0,0
0,0
0,0
1,911
0,0
0,0
0,0
0,0
1,13213
0,0
0,0
0,0
0,0
0,0
0,0
0,0
0,0
0,0
0,0
0,0
0,0
0,0
0,0
0,0
0,0
0,0
0,0
0,0
0,0
0,0
0,0
0,0
0,0
0,0
0,0
0,0
0,0
1,3960
0,0
0,0
0,0
0,0
0,0
0,0
0,0
0,0
0,0
0,0
0,0
0,0
0,0
0,0
0,0
0,0
1,4214
0,0
1,2876
0,0
0,0
0,0
0,0
0,0
0,0
0,0
0,0
0,0
0,0
0,0
0,0
0,0
0,0
0,0
1,3681
0,0
0,0
0,0
0,0
0,0
0,0
0,0
1,5435
0,0
0,0
0,0
0,0
0,0
0,0
0,0
0,0
0,0
0,0
0,0
0,0
0,0
0,0
0,0
0,0
0,0
0,0
0,0
0,0
0,0
0,0
0,0
0,0
0,0
0,0
0,0
0,0
1,701
0,0
0,0
0,0
0,0
1,8834
0,0
0,0
0,0
0,0
0,0
0,0
0,0
0,0
0,0
0,0
0,0
0,0
0,0
0,0
0,0
0,0
0,0
0,0
1,4973
0,0
0,0
0,0
0,0
1,1160
0,0
1,2016
0,0
0,0
0,0
0,0
0,0
0,0
0,0
0,0
0,0
0,0
0,0
0,0
0,0
0,0
0,0
0,0
0,0
0,0
0,0
0,0
1,14051
1,10138
0,0
1,1630
0,0
0,0
0,0
0,0
1,3537
0,0
0,0
0,0
0,0
0,0
0,0
0,0
0,0
0,0
0,0
0,0
0,0
0,0
0,0
1,8320
0,0
0,0
0,0
0,0
0,0
0,0
0,0
0,0
0,0
0,0
0,0
1,4665
0,0
0,0
0,0
1,2727
0,0
0,0
0,0
0,0
0,0
0,0
0,0
0,0
0,0
0,0
0,0
0,0
0,0
0,0
0,0
0,0
0,0
0,0
0,0
0,0
0,0
0,0
0,0
0,0
0,0
0,0
0,0
1,5007
0,0
0,0
0,0
0,0
1,11008
0,0
0,0
1,2314
0,0
0,0
0,0
0,0
1,5842
0,0
1,3286
0,0
0,0
0,0
1,3140
0,0
0,0
0,0
1,697
1,6957
0,0
0,0
0,0
1,1868
0,0
0,0
0,0
0,0
0,0
0,0
0,0
0,0
0,0
0,0
0,0
0,0
0,0
0,0
0,0
0,0
0,0
1,5256
0,0
0,0
0,0
0,0
0,0
0,0
0,0
0,0
0,0
0,0
0,0
1,2449
0,0
0,0
0,0
0,0
0,0
0,0
0,0
0,0
0,0
0,0
0,0
0,0
0,0
0,0
0,0
0,0
0,0
0,0
0,0
0,0
1,3223
0,0
0,0
0,0
0,0
0,0
0,0
0,0
0,0
0,0
0,0
0,0
0,0
1,1227
0,0
0,0
0,0
0,0
0,0
0,0
0,0
0,0
0,0
0,0
0,0
0,0
0,0
0,0
0,0
0,0
0,0
0,0
0,0
0,0
0,0
0,0
0,0
0,0
0,0
0,0
0,0
1,4978
0,0
0,0
1,2434
0,0
0,0
0,0
0,0
0,0
0,0
0,0
0,0
0,0
0,0
0,0
1,6017
0,0
0,0
1,5137
0,0
0,0
0,0
0,0
0,0
0,0
0,0
1,3831
0,0
0,0
0,0
0,0
0,0
0,0
0,0
1,12254
0,0
0,0
0,0
0,0
0,0
0,0
0,0
0,0
0,0
0,0
0,0
0,0
0,0
0,0
0,0
0,0
0,0
0,0
0,0
0,0
0,0
0,0
0,0
0,0
0,0
1,4813
0,0
0,0
1,2283
0,0
0,0
0,0
0,0
0,0
0,0
0,0
0,0
0,0
0,0
0,0
0,0
0,0
0,0
0,0
0,0
0,0
0,0
0,0
0,0
1,5226
0,0
0,0
0,0
0,0
0,0
0,0
1,2621
1,3648
0,0
0,0
0,0
0,0
0,0
0,0
0,0
0,0
0,0
0,0
1,2865
0,0
0,0
0,0
0,0
0,0
0,0
0,0
0,0
0,0
0,0
0,0
1,7571
0,0
0,0
0,0
0,0
0,0
0,0
1,8427
0,0
1,3277
0,0
0,0
0,0
1,3367
0,0
0,0
0,0
1,7004
0,0
0,0
0,0
0,0
0,0
0,0
0,0
0,0
0,0
1,10400
0,0
0,0
0,0
0,0
0,0
0,0
1,8653
0,0
0,0
0,0
0,0
0,0
0,0
0,0
0,0
0,0
0,0
0,0
0,0
0,0
0,0
0,0
1,4060
0,0
1,9516
0,0
0,0
0,0
1,1429
0,0
0,0
0,0
0,0
0,0
0,0
0,0
0,0
0,0
0,0
0,0
0,0
0,0
1,2991
1,403
0,0
0,0
0,0
0,0
0,0
0,0
0,0
0,0
0,0
0,0
0,0
0,0
0,0
0,0
0,0
0,0
0,0
0,0
0,0
0,0
0,0
0,0
0,0
0,0
0,0
0,0
0,0
0,0
0,0
0,0
0,0
0,0
0,0
0,0
1,10096
0,0
1,5949
0,0
0,0
0,0
1,2225
0,0
0,0
0,0
0,0
0,0
0,0
0,0
0,0
1,2763
0,0
0,0
0,0
0,0
0,0
0,0
0,0
0,0
0,0
0,0
0,0
0,0
0,0
0,0
0,0
0,0
0,0
0,0
0,0
0,0
0,0
1,2470
0,0
0,0
0,0
0,0
0,0
1,3688
0,0
0,0
0,0
0,0
0,0
0,0
0,0
0,0
0,0
0,0
0,0
0,0
0,0
0,0
0,0
0,0
0,0
0,0
0,0
0,0
0,0
0,0
0,0
0,0
0,0
0,0
1,3476
0,0
0,0
0,0
0,0
0,0
0,0
0,0
0,0
0,0
0,0
0,0
0,0
0,0
0,0
0,0
0,0
1,8549
0,0
0,0
0,0
0,0
0,0
0,0
0,0
0,0
0,0
0,0
0,0
0,0
0,0
0,0
0,0
0,0
1,6651
0,0
1,3325
0,0
1,5904
1,850
0,0
0,0
1,2225
0,0
0,0
0,0
0,0
0,0
0,0
1,8188
0,0
1,2677
0,0
0,0
0,0
1,3602
0,0
0,0
0,0
0,0
0,0
0,0
0,0
0,0
0,0
0,0
0,0
0,0
0,0
1,3286
0,0
0,0
0,0
0,0
0,0
0,0
0,0
0,0
0,0
0,0
0,0
0,0
0,0
0,0
0,0
0,0
1,4570
0,0
0,0
0,0
0,0
0,0
0,0
0,0
0,0
0,0
0,0
0,0
0,0
0,0
0,0
0,0
0,0
0,0
0,0
0,0
0,0
0,0
0,0
0,0
0,0
0,0
0,0
0,0
0,0
0,0
0,0
0,0
1,3065
0,0
1,5316
0,0
0,0
0,0
0,0
0,0
0,0
0,0
0,0
0,0
0,0
0,0
0,0
0,0
0,0
0,0
0,0
0,0
0,0
0,0
0,0
0,0
0,0
1,2380
0,0
0,0
0,0
0,0
0,0
1,4613
0,0
0,0
0,0
1,4534
0,0
1,6222
0,0
0,0
1,4620
0,0
0,0
0,0
0,0
0,0
0,0
0,0
0,0
0,0
0,0
0,0
0,0
0,0
0,0
0,0
1,4995
0,0
0,0
1,5785
0,0
0,0
0,0
0,0
0,0
0,0
0,0
0,0
0,0
1,2881
0,0
0,0
0,0
0,0
0,0
1,762
1,2877
0,0
0,0
0,0
0,0
0,0
0,0
0,0
0,0
0,0
0,0
0,0
0,0
0,0
0,0
0,0
0,0
1,4406
0,0
0,0
1,8309
0,0
0,0
0,0
0,0
1,886
0,0
0,0
0,0
1,11989
0,0
0,0
0,0
0,0
0,0
0,0
0,0
0,0
0,0
0,0
0,0
0,0
0,0
0,0
0,0
1,5913
0,0
0,0
0,0
1,8262
0,0
0,0
0,0
0,0
0,0
0,0
0,0
0,0
0,0
0,0
0,0
1,4566
0,0
0,0
0,0
0,0
1,3763
0,0
0,0
0,0
0,0
0,0
0,0
0,0
0,0
0,0
0,0
0,0
0,0
0,0
0,0
0,0
0,0
0,0
0,0
0,0
0,0
0,0
0,0
0,0
0,0
0,0
0,0
0,0
0,0
0,0
0,0
0,0
0,0
0,0
1,3605
0,0
0,0
0,0
0,0
0,0
0,0
0,0
0,0
0,0
0,0
0,0
0,0
0,0
0,0
0,0
0,0
0,0
0,0
0,0
0,0
0,0
0,0
0,0
0,0
0,0
0,0
0,0
0,0
0,0
0,0
0,0
0,0
0,0
0,0
1,595
0,0
0,0
0,0
0,0
0,0
0,0
1,13931
0,0
0,0
0,0
0,0
0,0
0,0
0,0
0,0
0,0
0,0
0,0
0,0
1,13600
0,0
0,0
0,0
0,0
0,0
0,0
0,0
0,0
0,0
0,0
0,0
0,0
0,0
0,0
1,1503
0,0
0,0
0,0
0,0
0,0
0,0
0,0
0,0
0,0
0,0
0,0
0,0
0,0
1,2841
0,0
0,0
0,0
0,0
0,0
0,0
0,0
1,2854
0,0
0,0
0,0
0,0
0,0
0,0
0,0
0,0
0,0
0,0
0,0
0,0
0,0
0,0
0,0
0,0
0,0
0,0
1,1822
0,0
0,0
0,0
0,0
1,16055
0,0
0,0
0,0
0,0
0,0
1,1382
0,0
0,0
0,0
0,0
0,0
0,0
1,5459
0,0
0,0
0,0
1,13258
0,0
1,8226
0,0
0,0
0,0
1,3963
0,0
0,0
0,0
0,0
0,0
0,0
1,1406
1,5209
0,0
0,0
0,0
0,0
0,0
0,0
0,0
0,0
0,0
0,0
0,0
0,0
0,0
0,0
0,0
0,0
0,0
0,0
0,0
0,0
0,0
0,0
0,0
0,0
0,0
0,0
0,0
0,0
0,0
0,0
0,0
0,0
0,0
0,0
1,4854
1,2231
0,0
0,0
0,0
0,0
0,0
0,0
0,0
1,2288
0,0
0,0
0,0
0,0
0,0
1,8485
0,0
0,0
0,0
1,939
0,0
0,0
1,733
0,0
1,519
0,0
0,0
0,0
0,0
0,0
0,0
0,0
0,0
1,6015
0,0
0,0
1,4390
0,0
0,0
0,0
0,0
0,0
0,0
0,0
0,0
1,3247
1,4466
0,0
0,0
0,0
0,0
0,0
0,0
0,0
0,0
0,0
1,2455
0,0
0,0
0,0
0,0
0,0
0,0
0,0
0,0
0,0
0,0
0,0
0,0
0,0
0,0
0,0
0,0
0,0
0,0
0,0
0,0
0,0
0,0
0,0
0,0
0,0
0,0
0,0
0,0
0,0
0,0
0,0
0,0
0,0
0,0
1,2197
0,0
0,0
0,0
0,0
0,0
0,0
0,0
0,0
0,0
0,0
0,0
1,10076
0,0
0,0
0,0
0,0
0,0
0,0
0,0
0,0
0,0
0,0
0,0
0,0
0,0
0,0
0,0
0,0
0,0
0,0
0,0
0,0
0,0
0,0
0,0
0,0
0,0
0,0
0,0
0,0
0,0
0,0
0,0
0,0
0,0
0,0
0,0
0,0
0,0
1,2551
0,0
0,0
0,0
0,0
0,0
0,0
0,0
0,0
0,0
0,0
0,0
0,0
1,2559
0,0
0,0
1,3849
0,0
0,0
0,0
0,0
1,4902
0,0
0,0
0,0
0,0
0,0
0,0
0,0
0,0
0,0
0,0
0,0
1,2033
0,0
0,0
0,0
0,0
0,0
0,0
0,0
0,0
0,0
0,0
1,5415
0,0
1,3480
0,0
1,1118
0,0
0,0
0,0
0,0
0,0
0,0
0,0
0,0
0,0
0,0
1,12615
0,0
0,0
0,0
0,0
0,0
0,0
0,0
0,0
0,0
0,0
1,4410
0,0
0,0
0,0
0,0
0,0
0,0
0,0
0,0
0,0
0,0
0,0
0,0
1,9419
0,0
0,0
0,0
0,0
1,13393
1,6190
0,0
0,0
0,0
0,0
1,2595
0,0
0,0
0,0
0,0
0,0
0,0
0,0
0,0
0,0
0,0
0,0
1,721
0,0
0,0
0,0
0,0
0,0
0,0
0,0
0,0
0,0
0,0
1,4776
0,0
0,0
0,0
1,2465
0,0
0,0
0,0
0,0
1,4790
1,1784
0,0
0,0
0,0
1,6708
0,0
0,0
0,0
0,0
0,0
0,0
0,0
0,0
0,0
0,0
0,0
1,1221
0,0
0,0
0,0
0,0
0,0
0,0
0,0
0,0
0,0
0,0
1,2753
0,0
0,0
0,0
0,0
0,0
0,0
0,0
0,0
0,0
1,1923
0,0
0,0
0,0
0,0
0,0
0,0
0,0
0,0
1,2666
1,3279
0,0
0,0
0,0
0,0
0,0
0,0
0,0
0,0
0,0
0,0
0,0
0,0
0,0
0,0
0,0
0,0
0,0
1,3142
0,0
0,0
0,0
0,0
1,4927
0,0
0,0
0,0
1,1437
0,0
0,0
0,0
0,0
1,4881
0,0
0,0
0,0
0,0
0,0
0,0
0,0
0,0
1,1457
0,0
0,0
0,0
0,0
0,0
0,0
0,0
0,0
1,1795
0,0
1,776
1,477
0,0
0,0
0,0
0,0
1,2128
0,0
0,0
0,0
0,0
0,0
0,0
0,0
0,0
1,1824
0,0
0,0
0,0
0,0
0,0
0,0
0,0
0,0
0,0
0,0
0,0
0,0
0,0
0,0
0,0
0,0
0,0
0,0
0,0
0,0
0,0
1,2104
1,8034
0,0
0,0
1,2143
1,5012
0,0
1,12441
0,0
0,0
0,0
0,0
0,0
0,0
0,0
0,0
0,0
0,0
0,0
0,0
0,0
0,0
0,0
0,0
0,0
0,0
0,0
0,0
0,0
0,0
0,0
0,0
1,3553
0,0
0,0
0,0
0,0
0,0
0,0
0,0
0,0
0,0
0,0
0,0
0,0
0,0
0,0
0,0
0,0
0,0
0,0
1,1720
1,5036
0,0
0,0
0,0
0,0
0,0
0,0
0,0
0,0
0,0
0,0
0,0
0,0
0,0
0,0
0,0
0,0
0,0
1,3174
0,0
0,0
0,0
0,0
0,0
0,0
0,0
1,3496
0,0
0,0
0,0
0,0
0,0
0,0
1,8258
0,0
0,0
0,0
0,0
0,0
0,0
1,2628
0,0
0,0
0,0
0,0
1,3732
0,0
0,0
0,0
0,0
0,0
0,0
0,0
0,0
0,0
0,0
0,0
1,1666
0,0
0,0
0,0
1,9735
0,0
0,0
0,0
0,0
0,0
0,0
0,0
0,0
0,0
0,0
1,6090
0,0
1,1170
0,0
1,3423
0,0
0,0
0,0
1,8567
0,0
0,0
0,0
0,0
0,0
0,0
0,0
0,0
0,0
0,0
0,0
0,0
1,2736
0,0
0,0
0,0
0,0
0,0
0,0
0,0
1,3490
0,0
1,5049
0,0
0,0
0,0
0,0
0,0
0,0
0,0
0,0
0,0
0,0
0,0
0,0
0,0
0,0
1,1425
1,4337
0,0
0,0
0,0
0,0
0,0
0,0
1,1994
0,0
0,0
0,0
0,0
0,0
0,0
0,0
0,0
0,0
0,0
0,0
0,0
0,0
0,0
0,0
0,0
0,0
0,0
0,0
0,0
0,0
0,0
0,0
0,0
0,0
0,0
0,0
0,0
0,0
0,0
0,0
0,0
0,0
0,0
0,0
1,1537
0,0
0,0
0,0
1,4041
0,0
0,0
0,0
0,0
1,2497
0,0
0,0
0,0
0,0
0,0
0,0
1,2513
0,0
0,0
0,0
0,0
0,0
0,0
0,0
0,0
0,0
0,0
1,6730
0,0
0,0
0,0
0,0
0,0
0,0
0,0
0,0
0,0
0,0
0,0
0,0
0,0
0,0
0,0
0,0
0,0
0,0
0,0
0,0
0,0
0,0
0,0
0,0
0,0
1,5009
0,0
0,0
0,0
0,0
0,0
0,0
0,0
0,0
0,0
0,0
0,0
0,0
0,0
0,0
0,0
0,0
1,4310
0,0
0,0
0,0
0,0
0,0
0,0
0,0
0,0
0,0
0,0
0,0
0,0
0,0
0,0
0,0
0,0
0,0
0,0
0,0
0,0
0,0
0,0
0,0
0,0
0,0
0,0
0,0
0,0
0,0
0,0
0,0
0,0
0,0
0,0
0,0
0,0
0,0
1,6671
0,0
0,0
0,0
0,0
0,0
1,5852
0,0
0,0
1,5840
0,0
0,0
0,0
0,0
1,6399
0,0
0,0
0,0
0,0
1,4103
0,0
0,0
0,0
1,3978
0,0
0,0
0,0
0,0
0,0
0,0
1,4527
0,0
0,0
0,0
0,0
0,0
0,0
1,3206
0,0
1,1273
0,0
0,0
0,0
0,0
0,0
0,0
0,0
0,0
0,0
0,0
0,0
0,0
0,0
0,0
0,0
0,0
0,0
1,2340
0,0
0,0
0,0
0,0
0,0
0,0
0,0
0,0
0,0
0,0
0,0
0,0
0,0
0,0
1,11391
0,0
0,0
0,0
0,0
0,0
0,0
0,0
0,0
0,0
1,3782
0,0
0,0
0,0
0,0
0,0
0,0
1,1108
1,1553
0,0
0,0
1,2481
0,0
0,0
0,0
0,0
0,0
1,2732
0,0
0,0
0,0
0,0
0,0
0,0
1,2883
0,0
0,0
0,0
1,1497
0,0
0,0
0,0
0,0
0,0
1,931
0,0
0,0
0,0
0,0
0,0
0,0
0,0
1,6814
0,0
0,0
0,0
0,0
0,0
0,0
0,0
0,0
0,0
1,1984
0,0
0,0
1,5682
0,0
0,0
0,0
1,9336
0,0
0,0
0,0
0,0
0,0
0,0
0,0
1,5191
0,0
1,4392
0,0
0,0
0,0
0,0
0,0
0,0
0,0
0,0
0,0
0,0
1,3710
0,0
0,0
0,0
0,0
0,0
1,8776
0,0
0,0
0,0
0,0
0,0
0,0
0,0
1,4038
0,0
0,0
0,0
0,0
0,0
0,0
0,0
0,0
0,0
0,0
0,0
0,0
0,0
0,0
1,4280
1,5172
0,0
0,0
0,0
0,0
0,0
0,0
0,0
0,0
0,0
0,0
0,0
0,0
0,0
0,0
0,0
0,0
0,0
0,0
1,3576
0,0
0,0
0,0
0,0
0,0
0,0
0,0
1,2060
1,4274
0,0
0,0
0,0
0,0
0,0
0,0
1,4481
0,0
0,0
0,0
1,1468
0,0
0,0
0,0
0,0
0,0
0,0
1,905
1,2123
0,0
0,0
0,0
0,0
0,0
0,0
0,0
0,0
0,0
0,0
0,0
0,0
1,2506
0,0
0,0
0,0
0,0
0,0
0,0
0,0
0,0
0,0
0,0
0,0
0,0
0,0
0,0
0,0
0,0
0,0
0,0
0,0
0,0
0,0
0,0
0,0
0,0
0,0
0,0
0,0
0,0
0,0
0,0
0,0
0,0
0,0
0,0
1,3993
0,0
0,0
1,2571
0,0
0,0
0,0
0,0
0,0
0,0
0,0
0,0
1,1870
0,0
0,0
0,0
0,0
0,0
0,0
0,0
0,0
0,0
0,0
0,0
0,0
0,0
0,0
1,426
0,0
0,0
0,0
0,0
0,0
0,0
0,0
0,0
0,0
0,0
0,0
0,0
0,0
0,0
0,0
0,0
0,0
1,1328
0,0
1,5378
0,0
0,0
0,0
0,0
0,0
1,753
0,0
0,0
0,0
1,11229
0,0
0,0
0,0
0,0
0,0
0,0
0,0
0,0
0,0
0,0
0,0
0,0
0,0
0,0
0,0
0,0
0,0
1,2204
0,0
0,0
0,0
0,0
0,0
0,0
0,0
0,0
0,0
1,10849
0,0
0,0
0,0
0,0
0,0
0,0
0,0
0,0
0,0
0,0
0,0
0,0
0,0
0,0
0,0
0,0
0,0
0,0
1,4107
0,0
0,0
0,0
0,0
0,0
0,0
0,0
0,0
0,0
0,0
0,0
0,0
0,0
0,0
0,0
1,2650
0,0
0,0
0,0
0,0
0,0
0,0
0,0
1,7715
0,0
0,0
0,0
0,0
0,0
0,0
0,0
0,0
0,0
0,0
0,0
0,0
0,0
0,0
0,0
0,0
1,9343
0,0
0,0
0,0
0,0
0,0
0,0
0,0
0,0
0,0
1,3653
0,0
0,0
1,1652
0,0
0,0
1,5300
1,492
0,0
0,0
0,0
0,0
0,0
0,0
0,0
0,0
1,1177
0,0
0,0
0,0
0,0
0,0
0,0
0,0
0,0
0,0
0,0
0,0
0,0
0,0
0,0
0,0
0,0
0,0
0,0
0,0
0,0
0,0
0,0
0,0
0,0
1,5593
0,0
0,0
0,0
0,0
0,0
0,0
0,0
0,0
0,0
0,0
0,0
0,0
0,0
0,0
0,0
0,0
0,0
0,0
0,0
0,0
0,0
0,0
1,3521
0,0
0,0
0,0
0,0
0,0
0,0
0,0
0,0
0,0
0,0
0,0
0,0
0,0
0,0
0,0
0,0
0,0
0,0
0,0
0,0
0,0
0,0
0,0
1,4965
0,0
0,0
0,0
0,0
1,944
0,0
0,0
0,0
0,0
0,0
0,0
0,0
0,0
0,0
0,0
0,0
0,0
0,0
0,0
0,0
0,0
0,0
0,0
0,0
0,0
0,0
1,874
0,0
0,0
0,0
0,0
0,0
1,1373
1,4663
0,0
0,0
0,0
0,0
1,2329
0,0
0,0
0,0
1,15364
1,3004
1,2893
0,0
0,0
0,0
1,1455
0,0
0,0
0,0
0,0
0,0
0,0
1,6358
0,0
0,0
0,0
1,1221
0,0
0,0
0,0
0,0
0,0
0,0
0,0
0,0
1,2313
0,0
1,3394
1,1859
0,0
0,0
0,0
0,0
0,0
1,2454
0,0
0,0
0,0
0,0
0,0
0,0
0,0
1,5626
0,0
0,0
0,0
0,0
0,0
0,0
0,0
0,0
0,0
1,1001
0,0
0,0
1,8949
0,0
1,6473
0,0
0,0
1,10281
0,0
0,0
0,0
0,0
0,0
0,0
0,0
0,0
0,0
0,0
1,2927
0,0
0,0
1,1849
0,0
0,0
0,0
0,0
0,0
0,0
0,0
0,0
0,0
0,0
0,0
1,1833
0,0
0,0
0,0
0,0
0,0
0,0
0,0
1,2908
0,0
0,0
0,0
0,0
0,0
0,0
0,0
0,0
0,0
1,10529
1,10497
0,0
0,0
0,0
0,0
0,0
0,0
0,0
0,0
0,0
0,0
1,798
1,1845
0,0
1,8611
0,0
0,0
0,0
0,0
0,0
0,0
0,0
0,0
0,0
1,9485
0,0
0,0
0,0
0,0
0,0
0,0
0,0
0,0
0,0
1,9426
1,10341
0,0
0,0
0,0
0,0
0,0
0,0
0,0
0,0
0,0
0,0
0,0
0,0
0,0
0,0
0,0
0,0
0,0
0,0
0,0
0,0
0,0
0,0
0,0
0,0
0,0
0,0
0,0
1,2463
0,0
0,0
0,0
0,0
0,0
1,2520
0,0
0,0
0,0
0,0
0,0
0,0
1,12724
1,7550
0,0
1,8814
0,0
0,0
0,0
0,0
0,0
0,0
0,0
0,0
0,0
0,0
0,0
0,0
0,0
1,3027
0,0
0,0
0,0
0,0
0,0
0,0
0,0
0,0
0,0
0,0
0,0
0,0
0,0
0,0
0,0
0,0
0,0
0,0
0,0
0,0
0,0
0,0
0,0
0,0
0,0
0,0
0,0
1,2992
0,0
0,0
0,0
1,6772
0,0
0,0
0,0
0,0
0,0
0,0
0,0
0,0
0,0
0,0
0,0
0,0
0,0
0,0
0,0
0,0
0,0
0,0
0,0
0,0
0,0
0,0
0,0
0,0
0,0
0,0
1,9352
1,8526
0,0
0,0
0,0
0,0
1,2000
0,0
0,0
0,0
0,0
0,0
0,0
0,0
0,0
0,0
0,0
0,0
1,14090
0,0
0,0
0,0
0,0
0,0
0,0
0,0
0,0
0,0
0,0
0,0
0,0
0,0
0,0
0,0
1,5569
0,0
0,0
0,0
0,0
0,0
0,0
0,0
0,0
0,0
0,0
1,8238
0,0
0,0
1,424
1,1251
0,0
0,0
0,0
0,0
0,0
0,0
0,0
0,0
0,0
0,0
0,0
0,0
0,0
0,0
1,1154
0,0
0,0
0,0
0,0
0,0
0,0
0,0
1,6927
0,0
0,0
0,0
0,0
0,0
1,4348
0,0
0,0
0,0
0,0
0,0
1,9967
0,0
0,0
0,0
0,0
0,0
0,0
1,5985
0,0
0,0
0,0
0,0
0,0
0,0
0,0
0,0
1,1000
1,2897
0,0
0,0
0,0
0,0
0,0
1,3877
0,0
0,0
0,0
0,0
1,3352
0,0
1,2685
0,0
0,0
0,0
0,0
1,2129
0,0
0,0
0,0
0,0
0,0
1,3791
0,0
0,0
0,0
0,0
0,0
0,0
0,0
0,0
0,0
1,2148
0,0
0,0
0,0
0,0
0,0
0,0
0,0
0,0
0,0
0,0
0,0
0,0
0,0
0,0
0,0
0,0
0,0
0,0
0,0
0,0
0,0
0,0
0,0
0,0
0,0
0,0
0,0
0,0
0,0
0,0
0,0
0,0
0,0
0,0
0,0
0,0
0,0
0,0
0,0
0,0
0,0
0,0
0,0
0,0
1,1129
1,2402
0,0
0,0
0,0
0,0
0,0
0,0
0,0
0,0
0,0
0,0
1,1995
0,0
0,0
0,0
1,5729
0,0
0,0
1,4706
0,0
0,0
1,7351
0,0
0,0
0,0
0,0
0,0
0,0
0,0
0,0
0,0
0,0
0,0
0,0
0,0
1,4670
0,0
0,0
0,0
0,0
1,5276
0,0
0,0
0,0
0,0
1,4342
0,0
0,0
0,0
0,0
1,4580
0,0
0,0
0,0
0,0
1,2860
0,0
1,6931
0,0
0,0
0,0
0,0
1,1219
0,0
0,0
0,0
0,0
0,0
0,0
0,0
0,0
0,0
0,0
0,0
0,0
0,0
0,0
0,0
0,0
1,2442
0,0
0,0
0,0
0,0
0,0
0,0
0,0
0,0
0,0
0,0
0,0
0,0
0,0
0,0
0,0
1,4938
0,0
0,0
0,0
0,0
1,1812
0,0
0,0
0,0
0,0
0,0
0,0
0,0
0,0
0,0
0,0
0,0
1,3008
0,0
0,0
0,0
0,0
1,2467
1,2667
0,0
0,0
0,0
0,0
0,0
1,4970
0,0
0,0
0,0
0,0
0,0
0,0
0,0
0,0
0,0
0,0
0,0
0,0
0,0
0,0
0,0
0,0
1,1179
0,0
0,0
0,0
1,2813
0,0
0,0
0,0
0,0
1,4439
0,0
1,2423
0,0
0,0
0,0
1,2533
0,0
0,0
1,11055
0,0
0,0
0,0
0,0
0,0
0,0
0,0
0,0
0,0
1,4454
0,0
0,0
0,0
0,0
0,0
0,0
0,0
0,0
0,0
1,1881
0,0
1,3364
0,0
0,0
0,0
0,0
0,0
0,0
0,0
0,0
0,0
0,0
0,0
0,0
0,0
0,0
0,0
0,0
0,0
1,561
0,0
0,0
0,0
0,0
0,0
0,0
0,0
0,0
0,0
0,0
0,0
0,0
0,0
0,0
0,0
0,0
0,0
0,0
0,0
0,0
0,0
0,0
0,0
0,0
0,0
1,5420
0,0
0,0
1,7059
0,0
0,0
1,6218
0,0
0,0
0,0
1,4435
0,0
0,0
0,0
0,0
0,0
1,5544
0,0
0,0
0,0
0,0
0,0
0,0
0,0
0,0
0,0
0,0
0,0
1,4465
0,0
0,0
0,0
0,0
0,0
0,0
0,0
0,0
0,0
0,0
0,0
0,0
0,0
0,0
0,0
0,0
0,0
0,0
0,0
1,4183
1,5072
0,0
0,0
0,0
1,9202
0,0
0,0
0,0
0,0
1,3713
0,0
0,0
0,0
0,0
0,0
0,0
0,0
0,0
0,0
0,0
0,0
0,0
0,0
0,0
0,0
1,3103
0,0
1,1293
0,0
0,0
0,0
0,0
0,0
0,0
0,0
0,0
0,0
0,0
1,1355
0,0
0,0
0,0
0,0
0,0
0,0
0,0
0,0
0,0
0,0
1,13003
1,10491
0,0
0,0
0,0
0,0
0,0
0,0
0,0
0,0
0,0
0,0
0,0
0,0
1,4314
0,0
0,0
1,2495
0,0
0,0
0,0
0,0
0,0
0,0
0,0
0,0
0,0
0,0
0,0
0,0
1,1592
0,0
0,0
0,0
0,0
1,4728
0,0
0,0
0,0
0,0
0,0
0,0
0,0
0,0
0,0
0,0
0,0
0,0
0,0
0,0
1,4580
0,0
0,0
0,0
0,0
0,0
1,8208
0,0
0,0
0,0
0,0
1,834
0,0
0,0
0,0
0,0
0,0
0,0
0,0
0,0
0,0
1,1584
0,0
0,0
0,0
0,0
0,0
0,0
0,0
0,0
0,0
0,0
0,0
0,0
0,0
0,0
1,9122
0,0
0,0
0,0
0,0
0,0
0,0
0,0
0,0
0,0
0,0
0,0
1,5339
0,0
0,0
0,0
0,0
0,0
1,3855
0,0
0,0
0,0
0,0
0,0
0,0
0,0
0,0
0,0
0,0
0,0
0,0
0,0
1,1871
0,0
0,0
0,0
0,0
0,0
0,0
0,0
0,0
0,0
0,0
0,0
0,0
0,0
0,0
0,0
0,0
0,0
0,0
0,0
0,0
0,0
0,0
0,0
0,0
0,0
0,0
0,0
0,0
0,0
0,0
0,0
0,0
1,2001
0,0
0,0
0,0
0,0
0,0
0,0
0,0
0,0
0,0
0,0
1,19020
0,0
0,0
0,0
0,0
0,0
0,0
0,0
0,0
1,6224
0,0
0,0
0,0
0,0
0,0
0,0
0,0
1,2503
0,0
0,0
0,0
0,0
0,0
0,0
0,0
1,565
0,0
0,0
0,0
0,0
0,0
0,0
0,0
0,0
0,0
1,4755
0,0
0,0
0,0
0,0
0,0
0,0
0,0
1,6093
0,0
0,0
0,0
1,3238
0,0
0,0
0,0
0,0
0,0
0,0
0,0
0,0
0,0
0,0
0,0
0,0
1,6740
0,0
0,0
0,0
0,0
0,0
0,0
0,0
0,0
0,0
0,0
0,0
0,0
1,7996
0,0
0,0
0,0
0,0
0,0
0,0
0,0
0,0
0,0
0,0
0,0
0,0
1,3914
0,0
0,0
0,0
0,0
0,0
0,0
0,0
0,0
0,0
0,0
1,5747
0,0
0,0
0,0
0,0
0,0
0,0
0,0
0,0
0,0
0,0
0,0
1,5339
0,0
0,0
0,0
0,0
0,0
0,0
0,0
0,0
0,0
0,0
0,0
0,0
0,0
0,0
0,0
0,0
0,0
0,0
0,0
0,0
0,0
0,0
0,0
0,0
0,0
0,0
0,0
1,5290
0,0
0,0
0,0
1,6012
1,3941
0,0
1,2083
0,0
0,0
0,0
0,0
0,0
0,0
0,0
0,0
0,0
0,0
0,0
0,0
0,0
0,0
0,0
0,0
0,0
0,0
0,0
0,0
0,0
0,0
1,9535
0,0
0,0
1,1316
0,0
0,0
0,0
0,0
0,0
0,0
0,0
0,0
0,0
0,0
0,0
0,0
0,0
0,0
0,0
0,0
0,0
0,0
0,0
0,0
0,0
0,0
0,0
0,0
0,0
0,0
0,0
0,0
0,0
0,0
1,2647
1,7260
0,0
0,0
0,0
0,0
0,0
0,0
0,0
0,0
0,0
0,0
0,0
1,2645
1,4204
0,0
0,0
0,0
0,0
0,0
1,10368
0,0
0,0
0,0
1,2213
0,0
0,0
0,0
0,0
0,0
0,0
0,0
0,0
0,0
0,0
0,0
0,0
0,0
0,0
0,0
1,1276
0,0
0,0
0,0
0,0
0,0
0,0
0,0
1,3330
0,0
0,0
0,0
0,0
0,0
0,0
1,9681
0,0
0,0
0,0
0,0
0,0
0,0
0,0
0,0
1,1826
0,0
0,0
0,0
0,0
0,0
0,0
0,0
0,0
0,0
0,0
0,0
1,1646
0,0
0,0
0,0
0,0
0,0
0,0
0,0
0,0
1,5688
0,0
0,0
0,0
0,0
0,0
0,0
0,0
1,3231
0,0
0,0
0,0
0,0
0,0
0,0
0,0
0,0
1,6713
0,0
1,4768
0,0
0,0
0,0
0,0
0,0
0,0
0,0
0,0
0,0
0,0
0,0
0,0
0,0
1,1106
1,16682
0,0
0,0
0,0
0,0
0,0
0,0
0,0
0,0
0,0
0,0
0,0
0,0
1,2925
0,0
0,0
0,0
0,0
0,0
0,0
1,2217
0,0
0,0
0,0
0,0
0,0
0,0
0,0
0,0
0,0
0,0
0,0
1,5914
0,0
0,0
1,5496
0,0
0,0
0,0
0,0
0,0
0,0
0,0
0,0
0,0
0,0
0,0
0,0
0,0
0,0
0,0
0,0
0,0
0,0
1,9656
0,0
0,0
0,0
0,0
1,5024
0,0
0,0
0,0
0,0
0,0
0,0
0,0
1,2756
0,0
0,0
0,0
0,0
0,0
0,0
0,0
0,0
0,0
0,0
0,0
0,0
1,15786
0,0
0,0
0,0
0,0
0,0
0,0
0,0
0,0
0,0
1,4349
0,0
0,0
0,0
0,0
0,0
0,0
0,0
0,0
1,7909
0,0
1,1919
1,7573
0,0
0,0
1,4056
0,0
0,0
0,0
0,0
0,0
0,0
0,0
0,0
0,0
0,0
1,2601
0,0
0,0
0,0
0,0
0,0
0,0
0,0
0,0
0,0
0,0
0,0
0,0
1,11498
0,0
0,0
0,0
0,0
0,0
0,0
0,0
0,0
0,0
0,0
0,0
1,4951
0,0
0,0
0,0
0,0
0,0
0,0
0,0
0,0
0,0
0,0
0,0
0,0
0,0
0,0
0,0
0,0
0,0
0,0
0,0
0,0
1,7108
0,0
0,0
0,0
0,0
0,0
0,0
0,0
0,0
0,0
0,0
1,12771
0,0
1,7477
0,0
0,0
0,0
0,0
0,0
0,0
0,0
0,0
0,0
1,3122
0,0
1,5484
0,0
1,1255
0,0
0,0
0,0
0,0
0,0
0,0
0,0
1,4248
0,0
0,0
0,0
0,0
0,0
0,0
0,0
0,0
0,0
0,0
0,0
0,0
0,0
0,0
0,0
0,0
1,9734
0,0
0,0
0,0
0,0
0,0
0,0
0,0
0,0
0,0
1,13989
0,0
0,0
0,0
0,0
0,0
0,0
0,0
0,0
0,0
0,0
0,0
1,3803
1,1799
0,0
0,0
0,0
0,0
0,0
0,0
0,0
0,0
0,0
0,0
0,0
0,0
0,0
0,0
0,0
0,0
0,0
1,1703
0,0
0,0
0,0
0,0
0,0
1,3084
0,0
0,0
0,0
1,7084
0,0
0,0
0,0
0,0
0,0
0,0
0,0
0,0
0,0
0,0
0,0
0,0
0,0
0,0
0,0
0,0
0,0
0,0
0,0
0,0
0,0
0,0
0,0
0,0
0,0
0,0
0,0
0,0
0,0
0,0
1,4950
1,5478
1,2029
1,4877
0,0
0,0
0,0
0,0
0,0
0,0
0,0
0,0
0,0
0,0
0,0
0,0
1,3226
0,0
0,0
1,2681
0,0
0,0
0,0
0,0
0,0
1,7420
0,0
1,4435
0,0
0,0
0,0
0,0
0,0
0,0
0,0
0,0
0,0
0,0
0,0
0,0
0,0
0,0
0,0
0,0
0,0
0,0
0,0
0,0
0,0
0,0
0,0
0,0
0,0
0,0
0,0
0,0
0,0
0,0
0,0
0,0
0,0
1,2989
1,3120
0,0
0,0
1,1278
0,0
0,0
0,0
0,0
1,4501
0,0
0,0
0,0
0,0
0,0
0,0
0,0
0,0
0,0
0,0
0,0
0,0
0,0
0,0
0,0
0,0
0,0
0,0
0,0
0,0
0,0
0,0
0,0
0,0
0,0
0,0
0,0
0,0
0,0
0,0
0,0
0,0
0,0
0,0
0,0
0,0
0,0
1,2757
1,4208
0,0
0,0
1,3359
1,6322
0,0
0,0
1,4129
0,0
0,0
0,0
1,7654
0,0
1,3058
0,0
0,0
1,4890
0,0
0,0
0,0
0,0
0,0
0,0
0,0
0,0
0,0
0,0
0,0
0,0
0,0
0,0
0,0
0,0
0,0
0,0
0,0
0,0
0,0
0,0
0,0
0,0
0,0
0,0
0,0
0,0
0,0
0,0
0,0
0,0
1,2956
0,0
0,0
0,0
0,0
0,0
0,0
0,0
0,0
0,0
0,0
0,0
0,0
0,0
0,0
1,1775
0,0
0,0
0,0
0,0
0,0
0,0
0,0
1,2108
0,0
0,0
0,0
0,0
0,0
0,0
0,0
0,0
0,0
0,0
1,4682
0,0
0,0
0,0
1,10186
0,0
0,0
0,0
0,0
0,0
0,0
1,3434
0,0
1,6135
0,0
0,0
0,0
0,0
1,6758
0,0
0,0
0,0
0,0
0,0
0,0
0,0
0,0
0,0
0,0
0,0
0,0
0,0
0,0
0,0
1,781
0,0
0,0
0,0
0,0
0,0
1,6275
0,0
0,0
0,0
0,0
0,0
0,0
0,0
1,4562
0,0
0,0
0,0
0,0
0,0
0,0
0,0
0,0
0,0
0,0
0,0
0,0
0,0
0,0
0,0
0,0
0,0
0,0
0,0
0,0
0,0
0,0
0,0
0,0
0,0
0,0
0,0
0,0
0,0
0,0
0,0
1,640
0,0
0,0
0,0
0,0
0,0
0,0
1,3016
0,0
0,0
0,0
0,0
0,0
0,0
0,0
0,0
0,0
0,0
0,0
1,3082
1,6781
0,0
0,0
1,1264
0,0
0,0
0,0
0,0
0,0
0,0
0,0
0,0
0,0
0,0
0,0
0,0
1,10641
0,0
0,0
1,6095
0,0
0,0
0,0
0,0
0,0
0,0
1,5623
0,0
0,0
0,0
0,0
0,0
0,0
0,0
0,0
1,2032
0,0
0,0
0,0
0,0
0,0
0,0
1,6247
0,0
0,0
0,0
0,0
0,0
0,0
0,0
0,0
0,0
0,0
0,0
0,0
0,0
0,0
0,0
0,0
0,0
0,0
0,0
0,0
1,3128
0,0
0,0
0,0
0,0
0,0
0,0
0,0
0,0
0,0
0,0
0,0
0,0
0,0
0,0
0,0
0,0
0,0
0,0
0,0
0,0
0,0
0,0
0,0
0,0
0,0
0,0
0,0
0,0
0,0
0,0
0,0
0,0
0,0
0,0
0,0
0,0
0,0
1,3961
0,0
0,0
0,0
0,0
0,0
0,0
0,0
0,0
0,0
0,0
0,0
1,9272
0,0
0,0
0,0
0,0
0,0
0,0
0,0
0,0
0,0
0,0
0,0
1,8139
0,0
0,0
0,0
0,0
0,0
0,0
0,0
0,0
0,0
0,0
1,732
0,0
0,0
0,0
0,0
0,0
0,0
0,0
0,0
0,0
0,0
0,0
0,0
0,0
0,0
0,0
0,0
0,0
0,0
0,0
0,0
1,4308
0,0
0,0
1,6010
0,0
0,0
1,3996
0,0
0,0
0,0
0,0
0,0
0,0
1,3796
0,0
0,0
0,0
0,0
0,0
0,0
0,0
0,0
0,0
0,0
0,0
0,0
0,0
0,0
0,0
0,0
0,0
1,5938
0,0
0,0
0,0
0,0
0,0
0,0
0,0
1,1356
0,0
0,0
0,0
0,0
0,0
0,0
0,0
0,0
0,0
0,0
0,0
0,0
0,0
0,0
0,0
0,0
0,0
0,0
1,5673
0,0
0,0
0,0
0,0
0,0
0,0
0,0
0,0
0,0
0,0
0,0
0,0
0,0
0,0
1,2132
1,3249
0,0
0,0
0,0
0,0
1,782
0,0
0,0
0,0
1,13420
0,0
0,0
0,0
0,0
0,0
0,0
0,0
0,0
0,0
0,0
0,0
0,0
0,0
0,0
0,0
0,0
0,0
0,0
0,0
1,704
0,0
0,0
0,0
0,0
0,0
0,0
0,0
0,0
0,0
0,0
0,0
0,0
0,0
0,0
0,0
0,0
1,1304
0,0
0,0
0,0
0,0
0,0
0,0
0,0
0,0
0,0
0,0
0,0
0,0
0,0
0,0
0,0
0,0
0,0
0,0
1,3935
0,0
0,0
0,0
0,0
1,6582
0,0
0,0
0,0
0,0
0,0
1,6027
0,0
0,0
0,0
0,0
0,0
0,0
0,0
0,0
0,0
0,0
1,2932
0,0
1,8848
0,0
0,0
0,0
0,0
1,8019
0,0
0,0
0,0
0,0
1,3586
0,0
0,0
0,0
0,0
0,0
0,0
0,0
0,0
0,0
1,8917
0,0
0,0
0,0
0,0
0,0
1,5175
0,0
0,0
0,0
0,0
0,0
0,0
0,0
0,0
0,0
0,0
0,0
0,0
0,0
0,0
0,0
0,0
0,0
0,0
0,0
0,0
0,0
0,0
0,0
0,0
0,0
0,0
0,0
0,0
0,0
0,0
0,0
0,0
0,0
0,0
0,0
0,0
0,0
0,0
0,0
0,0
0,0
0,0
1,5814
0,0
0,0
0,0
1,6538
0,0
0,0
0,0
1,5180
0,0
0,0
0,0
0,0
0,0
0,0
0,0
0,0
1,7427
0,0
0,0
0,0
0,0
0,0
0,0
0,0
0,0
0,0
1,1894
1,8800
1,5304
0,0
0,0
0,0
0,0
1,2047
0,0
0,0
0,0
0,0
0,0
0,0
0,0
0,0
0,0
1,1896
0,0
0,0
0,0
0,0
0,0
0,0
0,0
0,0
0,0
0,0
0,0
0,0
0,0
0,0
0,0
0,0
0,0
0,0
0,0
1,8752
0,0
0,0
0,0
1,1850
0,0
0,0
0,0
1,6415
0,0
0,0
1,3073
0,0
0,0
0,0
0,0
1,18151
1,7910
0,0
0,0
0,0
0,0
0,0
0,0
1,8858
0,0
0,0
0,0
0,0
0,0
0,0
0,0
1,8909
1,6213
0,0
0,0
0,0
0,0
1,1492
0,0
0,0
0,0
0,0
0,0
0,0
0,0
0,0
0,0
0,0
0,0
0,0
0,0
0,0
0,0
0,0
1,2824
1,5586
0,0
0,0
0,0
1,4230
0,0
0,0
0,0
0,0
0,0
0,0
0,0
0,0
0,0
0,0
1,3740
0,0
0,0
0,0
0,0
0,0
0,0
0,0
0,0
0,0
0,0
0,0
0,0
0,0
0,0
0,0
0,0
0,0
0,0
0,0
0,0
0,0
0,0
0,0
0,0
0,0
0,0
0,0
0,0
1,1994
0,0
0,0
1,8839
0,0
1,2021
0,0
0,0
0,0
0,0
0,0
0,0
0,0
0,0
1,3871
0,0
0,0
0,0
0,0
1,10017
0,0
0,0
0,0
0,0
0,0
0,0
0,0
0,0
1,4025
0,0
1,9570
0,0
0,0
0,0
0,0
0,0
0,0
0,0
0,0
0,0
0,0
0,0
0,0
0,0
0,0
0,0
0,0
0,0
0,0
0,0
0,0
0,0
0,0
0,0
0,0
0,0
0,0
0,0
0,0
0,0
0,0
0,0
1,9208
0,0
0,0
0,0
0,0
1,2145
0,0
0,0
0,0
0,0
0,0
0,0
1,4598
0,0
0,0
0,0
0,0
1,1385
1,4582
0,0
0,0
0,0
0,0
0,0
0,0
0,0
0,0
0,0
1,3571
0,0
0,0
0,0
0,0
0,0
0,0
0,0
1,837
1,2132
0,0
0,0
1,2742
0,0
0,0
0,0
0,0
0,0
0,0
0,0
0,0
0,0
0,0
0,0
0,0
0,0
0,0
0,0
0,0
0,0
0,0
0,0
0,0
0,0
1,2550
0,0
0,0
0,0
0,0
1,5654
0,0
0,0
0,0
0,0
1,6189
0,0
0,0
1,2072
0,0
0,0
0,0
0,0
0,0
0,0
0,0
1,7558
0,0
0,0
0,0
0,0
0,0
0,0
0,0
0,0
0,0
0,0
0,0
0,0
0,0
0,0
0,0
0,0
0,0
0,0
0,0
0,0
0,0
0,0
0,0
0,0
0,0
0,0
0,0
0,0
0,0
0,0
0,0
0,0
1,1063
1,2434
1,3958
0,0
0,0
0,0
0,0
1,2864
0,0
0,0
0,0
0,0
0,0
0,0
0,0
1,3905
0,0
0,0
0,0
0,0
0,0
0,0
0,0
0,0
0,0
0,0
0,0
0,0
0,0
0,0
0,0
0,0
0,0
0,0
0,0
0,0
0,0
1,6259
0,0
0,0
0,0
0,0
0,0
0,0
0,0
0,0
0,0
0,0
0,0
0,0
0,0
0,0
0,0
0,0
0,0
0,0
0,0
0,0
0,0
0,0
0,0
0,0
0,0
0,0
1,2926
0,0
0,0
0,0
0,0
0,0
0,0
0,0
0,0
0,0
0,0
0,0
0,0
0,0
0,0
0,0
0,0
0,0
0,0
0,0
1,3187
0,0
0,0
0,0
0,0
0,0
0,0
0,0
0,0
0,0
0,0
0,0
1,9053
1,1152
0,0
1,1505
0,0
1,4406
0,0
0,0
0,0
0,0
0,0
1,2826
1,3763
0,0
0,0
0,0
1,589
0,0
0,0
0,0
0,0
0,0
0,0
0,0
0,0
0,0
0,0
0,0
0,0
0,0
1,4131
0,0
0,0
0,0
0,0
0,0
0,0
0,0
0,0
1,7715
0,0
0,0
1,553
0,0
1,4281
0,0
0,0
0,0
0,0
0,0
0,0
0,0
0,0
1,16958
0,0
0,0
0,0
0,0
0,0
1,2249
0,0
0,0
0,0
0,0
0,0
0,0
0,0
0,0
0,0
0,0
1,7544
0,0
0,0
0,0
0,0
1,5743
0,0
0,0
0,0
1,3784
0,0
1,2353
0,0
0,0
0,0
0,0
1,5187
0,0
0,0
1,7905
0,0
0,0
0,0
0,0
0,0
0,0
0,0
0,0
0,0
0,0
0,0
0,0
0,0
0,0
0,0
0,0
0,0
0,0
0,0
0,0
0,0
1,1221
1,3411
0,0
0,0
0,0
0,0
0,0
0,0
1,4708
0,0
0,0
0,0
0,0
0,0
0,0
0,0
0,0
0,0
0,0
0,0
0,0
0,0
0,0
0,0
0,0
0,0
0,0
0,0
0,0
0,0
0,0
0,0
0,0
0,0
1,4387
0,0
0,0
0,0
0,0
0,0
0,0
0,0
0,0
0,0
0,0
0,0
0,0
0,0
0,0
0,0
0,0
0,0
0,0
0,0
0,0
0,0
0,0
0,0
0,0
0,0
0,0
0,0
0,0
0,0
0,0
0,0
1,8729
0,0
0,0
0,0
0,0
0,0
0,0
0,0
0,0
0,0
0,0
0,0
0,0
0,0
0,0
0,0
0,0
0,0
1,3397
0,0
0,0
0,0
0,0
0,0
0,0
0,0
0,0
0,0
0,0
0,0
1,5079
0,0
0,0
1,5774
0,0
0,0
1,4071
0,0
0,0
0,0
0,0
0,0
0,0
0,0
1,10030
0,0
0,0
1,1973
0,0
0,0
0,0
0,0
0,0
0,0
0,0
0,0
0,0
0,0
1,557
0,0
1,6321
0,0
0,0
0,0
0,0
1,5730
0,0
0,0
0,0
0,0
0,0
0,0
0,0
0,0
0,0
0,0
0,0
0,0
0,0
1,2232
0,0
0,0
0,0
1,7094
0,0
0,0
0,0
0,0
0,0
0,0
0,0
0,0
0,0
0,0
0,0
0,0
1,5407
0,0
0,0
0,0
0,0
0,0
0,0
0,0
0,0
0,0
0,0
0,0
0,0
0,0
0,0
0,0
0,0
0,0
0,0
0,0
0,0
1,3688
0,0
0,0
0,0
0,0
0,0
0,0
0,0
0,0
0,0
0,0
1,5240
0,0
1,3485
0,0
1,8742
0,0
0,0
1,2813
0,0
0,0
1,11990
0,0
1,1155
0,0
0,0
0,0
0,0
0,0
0,0
0,0
0,0
0,0
0,0
0,0
0,0
0,0
0,0
0,0
0,0
0,0
0,0
0,0
0,0
0,0
0,0
1,1958
0,0
0,0
0,0
0,0
0,0
0,0
0,0
0,0
0,0
0,0
0,0
0,0
0,0
0,0
0,0
0,0
0,0
0,0
0,0
0,0
1,2907
0,0
0,0
0,0
0,0
0,0
0,0
0,0
0,0
0,0
0,0
0,0
0,0
0,0
0,0
1,6960
0,0
0,0
0,0
0,0
1,3284
0,0
0,0
0,0
1,4089
0,0
1,7792
0,0
0,0
0,0
0,0
0,0
1,4587
0,0
0,0
0,0
1,500
0,0
0,0
0,0
0,0
0,0
0,0
0,0
0,0
0,0
1,4778
0,0
0,0
0,0
0,0
0,0
1,4509
0,0
0,0
0,0
0,0
0,0
0,0
0,0
0,0
0,0
0,0
0,0
0,0
0,0
0,0
0,0
0,0
0,0
0,0
0,0
0,0
1,5018
0,0
0,0
0,0
0,0
0,0
0,0
1,3542
0,0
0,0
0,0
0,0
0,0
0,0
0,0
0,0
0,0
1,4690
0,0
0,0
0,0
0,0
0,0
0,0
0,0
0,0
0,0
0,0
0,0
0,0
1,3212
0,0
0,0
1,6161
1,3889
0,0
0,0
0,0
0,0
0,0
1,1643
0,0
1,14952
0,0
0,0
0,0
0,0
0,0
0,0
0,0
0,0
0,0
0,0
0,0
0,0
0,0
1,8162
0,0
0,0
1,4655
0,0
1,5149
0,0
0,0
1,7104
0,0
0,0
0,0
1,1494
0,0
0,0
1,6193
0,0
0,0
0,0
0,0
0,0
0,0
0,0
0,0
0,0
0,0
0,0
0,0
0,0
1,5019
0,0
1,5128
0,0
0,0
0,0
0,0
0,0
0,0
1,2648
0,0
1,3049
0,0
0,0
0,0
0,0
0,0
1,3001
0,0
1,2961
0,0
0,0
0,0
1,1999
0,0
0,0
0,0
0,0
0,0
0,0
0,0
0,0
0,0
0,0
0,0
0,0
0,0
0,0
0,0
0,0
0,0
0,0
0,0
0,0
0,0
0,0
0,0
1,1400
0,0
0,0
0,0
0,0
1,2404
0,0
0,0
0,0
1,2843
0,0
1,679
0,0
0,0
0,0
0,0
0,0
0,0
0,0
0,0
0,0
0,0
0,0
0,0
1,3251
0,0
0,0
0,0
1,2328
0,0
0,0
1,3876
0,0
1,5728
0,0
0,0
0,0
0,0
0,0
0,0
0,0
0,0
1,11927
0,0
0,0
1,390
0,0
0,0
0,0
0,0
0,0
0,0
0,0
0,0
0,0
0,0
0,0
0,0
0,0
0,0
0,0
0,0
0,0
0,0
0,0
0,0
0,0
0,0
0,0
0,0
0,0
0,0
1,4227
0,0
0,0
0,0
0,0
0,0
0,0
0,0
0,0
0,0
0,0
0,0
0,0
0,0
0,0
0,0
0,0
1,592
1,2600
0,0
0,0
0,0
0,0
0,0
1,9939
0,0
0,0
1,4105
0,0
0,0
1,5665
1,8092
0,0
0,0
0,0
0,0
1,8466
0,0
0,0
0,0
1,12203
0,0
0,0
0,0
0,0
0,0
0,0
0,0
0,0
0,0
0,0
0,0
0,0
0,0
0,0
0,0
0,0
0,0
0,0
0,0
0,0
0,0
0,0
0,0
0,0
0,0
0,0
0,0
0,0
0,0
0,0
0,0
0,0
0,0
0,0
0,0
0,0
0,0
0,0
0,0
0,0
1,7407
0,0
0,0
0,0
0,0
1,2732
0,0
0,0
0,0
0,0
0,0
0,0
1,3595
0,0
0,0
0,0
0,0
0,0
0,0
0,0
0,0
0,0
0,0
0,0
0,0
0,0
0,0
0,0
0,0
0,0
0,0
0,0
0,0
0,0
0,0
0,0
0,0
0,0
0,0
0,0
0,0
0,0
0,0
0,0
0,0
0,0
0,0
0,0
0,0
0,0
0,0
0,0
0,0
0,0
0,0
0,0
0,0
0,0
1,8039
1,3137
0,0
0,0
1,4515
0,0
0,0
0,0
0,0
0,0
0,0
0,0
0,0
0,0
0,0
0,0
0,0
0,0
0,0
0,0
1,4178
0,0
0,0
0,0
0,0
0,0
0,0
0,0
0,0
0,0
0,0
0,0
0,0
0,0
0,0
0,0
0,0
1,1941
0,0
0,0
0,0
0,0
0,0
1,1438
0,0
0,0
0,0
0,0
0,0
0,0
0,0
0,0
0,0
1,1103
0,0
1,1982
0,0
1,8985
0,0
0,0
0,0
1,7201
0,0
0,0
0,0
0,0
0,0
0,0
1,10123
0,0
0,0
1,5085
0,0
0,0
0,0
0,0
0,0
0,0
0,0
0,0
0,0
0,0
0,0
